#{"t_start": 1686122768.8393483, "env_id": null}
r,l,t
-113.612495,40,0.257851
-112.883255,55,0.331456
-105.20673,62,0.368686
-119.75336,69,0.4039
-98.93144,76,0.43781
-105.89461,78,0.449626
-99.5682,79,0.45728
-103.32897,80,0.46483
-100.447044,85,0.493022
-100.84229,85,0.493067
-116.48754,87,0.504962
-120.50513,105,0.588033
-106.74031,58,0.742692
-103.50328,68,0.773965
-122.22922,91,0.786448
-101.481,62,0.797273
-108.700165,62,0.797306
-99.80128,70,0.810081
-117.23063,93,0.841511
-99.141396,83,0.872541
-99.065994,88,0.939376
-109.388374,45,1.020097
-102.278336,72,1.142992
-120.12037,82,1.183033
-99.69806,91,1.241449
-125.70598,124,1.461432
-98.415,68,1.469308
-111.19743,55,1.50555
-119.95018,77,1.554362
-104.33738,71,1.808656
-102.225815,82,1.858355
-118.60376,63,2.111078
-103.14249,79,2.234787
-220.20978,1387,6.764518
-115.485176,83,7.161175
-108.68826,1600,7.788368
-107.068954,1600,7.788434
-113.288475,1600,7.788446
-121.07562,1600,7.978513
-112.86732,56,8.056876
-112.2431,1600,8.120482
-113.15758,1600,8.295071
-101.198746,71,8.403648
-113.023094,1600,8.460306
-123.10387,148,8.511546
-118.9617,1600,8.520507
-100.51045,83,8.539229
-119.65882,1600,8.55689
-122.994095,1600,8.65361
-113.431366,1600,8.735718
-120.6684,92,8.762132
-100.82186,60,8.834877
-105.798195,65,8.850662
-104.546486,87,8.850696
-107.23864,67,8.891005
-104.372665,55,8.931972
-115.59924,60,9.064598
-100.08091,115,9.096725
-104.30267,73,9.110335
-112.48252,44,9.118709
-101.76381,77,9.238639
-106.63356,1600,9.251803
-118.1001,82,9.260133
-125.296776,1600,9.305688
-126.02622,71,9.59434
-122.30274,90,9.694855
-107.105545,1600,9.877902
-127.49491,136,9.968976
-101.21913,1600,10.006891
-134.85736,344,23.315614
-101.766396,49,23.556486
-214.26578,1396,26.648904
-101.79488,49,26.903759
-105.60339,1600,27.029124
-110.4244,46,27.135754
-100.10829,63,27.340273
-108.51452,44,27.353411
-120.71292,81,27.744781
-127.93965,1600,27.864763
-111.98917,46,27.973618
-99.714966,60,28.26876
-99.60865,1600,28.348054
-106.8958,99,28.356145
-100.05563,67,28.672586
-104.283264,1600,28.719864
-104.293755,103,28.775676
-108.23559,1600,28.803466
-119.9863,1600,28.935073
-103.73824,1600,28.967207
-103.389175,1600,28.980489
-129.98885,1600,28.992252
-110.08596,61,28.992297
-121.1158,132,29.019344
-115.857056,58,29.027443
-112.38411,58,29.104372
-113.1003,1600,29.136949
-114.923615,56,29.231964
-100.50974,68,29.334109
-105.87811,75,29.366659
-106.48491,149,29.531422
-100.97311,1600,29.577976
-108.43303,96,29.586076
-104.64539,58,29.655423
-110.60063,1600,29.767037
-110.6236,41,29.794942
-129.03525,1600,29.865178
-117.16595,1600,29.902112
-107.722336,73,29.951945
-112.7064,76,30.222643
-105.69096,1600,31.322511
-103.40423,74,31.672796
-105.82353,73,43.765347
-109.20733,43,43.972818
-102.368256,103,44.458668
-95.244026,1600,46.750856
-113.84952,52,47.01115
-121.77272,1600,48.390794
-101.87359,1600,48.40941
-103.4329,1600,48.437679
-105.24484,1600,48.446423
-111.54162,1600,48.556477
-104.90645,1600,48.651744
-124.51468,1600,48.75616
-117.054535,65,48.774141
-109.71302,1600,48.952906
-105.36773,57,49.040075
-96.633514,122,49.052979
-106.900276,1600,49.080447
-96.82753,1600,49.188283
-123.58456,1600,49.214843
-112.86722,66,49.287924
-111.24378,1600,49.319496
-110.705734,1600,49.367776
-101.02066,87,49.476494
-113.781395,61,49.484223
-105.410416,85,49.617362
-105.09616,1600,49.643091
-113.47741,83,49.682283
-107.60036,51,49.722386
-113.69124,69,50.046445
-103.91459,87,50.474539
-117.29081,73,50.842794
-90.61796,1600,52.271303
-90.47033,1600,66.732522
-92.20207,1600,68.085789
-99.01774,1600,68.104352
-113.19569,1600,68.23971
-103.9276,1600,68.335294
-107.819534,1600,68.45013
-122.83602,116,68.649653
-121.78032,121,68.689862
-109.08675,1600,68.712093
-102.6617,80,68.724959
-108.87312,1600,68.751631
-104.24897,1600,68.975774
-111.03082,61,69.018219
-115.60468,1600,69.031098
-100.94957,1600,69.150991
-110.095276,50,69.223699
-112.231995,51,69.269104
-105.97991,1600,69.296029
-104.27461,1600,69.322728
-94.452965,1600,69.36211
-103.51805,70,69.562011
-108.18831,47,69.584085
-103.22851,71,69.615397
-120.00353,99,69.637505
-117.81014,70,69.905623
-110.47904,55,70.161637
-117.171684,1600,70.496934
-95.953316,91,70.607384
-102.54862,1600,71.934175
-102.817535,1600,74.527735
-102.51799,78,74.936984
-101.686356,69,75.300486
-120.31383,1600,87.900615
-100.53461,1600,88.121745
-101.690865,69,88.255853
-95.9029,1600,88.340398
-95.77878,1600,88.384552
-104.130974,1600,88.408518
-114.09818,61,88.449294
-106.99005,1600,88.449359
-109.00733,50,88.699981
-101.53154,1600,88.746758
-107.68876,69,88.746823
-104.494835,103,88.799483
-103.73468,77,88.812682
-96.973724,1600,89.01836
-97.70236,1600,89.046723
-102.36544,86,89.179527
-115.50267,79,89.197121
-112.07346,1600,89.319148
-96.10023,1600,89.351359
-100.98333,1600,89.374828
-100.32443,1600,90.277483
-94.25926,1600,90.387981
-113.99812,54,90.544985
-100.44185,1600,91.702178
-105.74383,69,92.042756
-100.030174,80,92.426162
-112.48987,63,92.728714
-108.18256,76,93.093092
-99.115,1600,95.060786
-94.14555,1600,96.290711
-97.736145,1600,96.385682
-119.47996,67,96.63827
-93.721344,1600,96.651298
-91.54684,1600,96.693575
-94.652145,1600,96.753665
-117.194786,85,96.828916
-114.31339,49,96.897783
-106.29049,1600,96.962342
-87.30493,1600,96.99071
-95.95242,1600,97.120403
-100.18314,1600,97.138277
-101.392914,86,97.182594
-96.8779,1600,97.261903
-95.8227,1600,97.294358
-113.0889,80,97.302694
-92.81242,1600,97.320951
-112.92385,55,97.41968
-109.713295,52,97.527563
-118.08038,47,97.541225
-104.65817,53,97.569175
-102.27887,79,109.549451
-118.94825,109,109.57177
-108.76204,43,109.584828
-122.62424,83,109.997562
-83.88393,1600,110.171607
-105.858345,41,110.210187
-89.690926,1600,110.338254
-103.29049,59,110.507318
-122.23974,82,110.58955
-108.64604,74,110.956943
-93.91797,1600,112.91749
-109.56815,91,113.383105
-87.81619,1600,114.875375
-112.0266,92,115.316706
-106.79245,60,115.610759
-94.326904,1600,116.42337
-91.12051,1600,116.478067
-93.12801,1600,116.620243
-102.860916,1600,116.757728
-98.79588,1600,116.785938
-109.39745,50,116.878921
-92.02949,1600,116.927241
-118.53262,133,117.11162
-84.57943,1600,117.220449
-106.957184,69,117.234308
-106.86658,95,117.253235
-88.93986,1600,117.35094
-93.23724,1600,117.37855
-101.98844,1600,117.52568
-103.76187,82,117.539547
-82.27901,1600,117.554341
-108.7756,56,117.820865
-111.43315,114,117.951054
-119.71835,88,117.974782
-114.03381,91,118.012818
-95.10297,1600,118.326561
-91.81726,1600,118.491631
-90.17514,1600,118.921405
-109.9252,63,119.218845
-88.01999,1600,133.093424
-115.49575,132,133.743234
-110.44799,68,134.07544
-110.83864,82,134.474895
-95.91785,122,135.071369
-112.64835,1600,135.328625
-109.99608,55,135.341951
-85.031906,1600,136.148522
-90.92012,1600,136.43263
-77.86286,1600,136.570485
-94.71579,1600,136.859485
-85.40019,1600,136.872912
-82.330795,1600,136.891041
-106.951645,66,136.908773
-85.181114,1600,136.99058
-113.25701,56,137.148863
-109.60397,56,137.191596
-99.68584,75,137.273399
-90.53372,1600,137.460947
-87.14255,1600,137.595588
-82.75795,1600,137.619717
-81.08673,1600,137.657646
-89.17952,1600,137.95593
-78.257515,1600,138.125965
-112.794556,70,138.307476
-77.27833,1600,138.901006
-108.402405,55,139.176575
-88.89044,1600,155.014753
-78.401085,1600,155.027836
-104.302155,59,155.309762
-103.349434,1600,155.840618
-80.538185,1600,156.120482
-106.919106,69,156.465503
-83.95661,1600,156.568466
-85.88111,1600,156.680569
-78.73721,1600,156.840883
-84.02609,1600,156.884391
-107.191444,65,156.902881
-84.33115,1600,156.968184
-109.038475,60,156.990847
-85.25129,1600,157.153122
-79.53516,1600,157.284438
-88.29174,1600,157.307695
-82.19518,1600,157.345218
-109.146034,80,157.377471
-105.908646,120,157.590223
-111.05513,50,157.622127
-116.59578,69,157.635128
-102.19765,84,157.730411
-80.785576,1600,157.814393
-117.67011,72,157.984948
-81.37659,1600,157.998746
-113.99825,55,158.094298
-105.23895,98,158.223765
-118.172035,75,158.603626
-108.57687,45,158.830221
-82.43546,1600,158.867427
-105.00486,66,159.149053
-107.25493,63,159.169915
-106.88807,53,159.421075
-105.928444,100,159.628441
-76.63095,1600,162.964327
-87.492744,1600,163.264352
-97.79573,89,175.390178
-74.695755,1600,175.499288
-100.87517,89,175.827869
-70.94433,1600,176.123112
-80.97864,1600,176.4664
-80.660576,1600,176.510314
-75.273766,1600,176.528815
-84.62809,1600,176.776247
-105.551315,61,176.818307
-74.43722,1600,176.968488
-101.84001,56,177.103163
-90.87248,1600,177.217871
-67.25738,1600,177.260373
-88.19671,1600,177.600996
-99.54585,1600,177.614814
-79.83186,1600,177.707263
-109.19766,101,177.755136
-102.869736,78,177.970254
-117.92224,125,178.216155
-113.950134,54,178.469756
-85.26919,1600,178.970948
-82.793015,1600,179.168132
-106.61692,97,179.415256
-80.24342,1600,182.307689
-72.82141,1600,183.158178
-97.852005,1600,183.486158
-109.326836,71,183.508841
-76.58564,1600,183.788852
-72.86282,1600,184.135036
-88.566505,1600,184.191824
-70.72624,1600,184.430823
-70.539444,1600,184.609859
-74.72573,1600,184.740981
-79.18691,1600,184.852801
-100.82679,80,196.635384
-109.752525,61,196.788208
-103.96875,67,196.964464
-72.62481,1600,196.97759
-101.433464,1600,197.028496
-107.2481,65,197.112609
-114.9986,54,197.246777
-76.12931,1600,197.264878
-107.206215,87,197.45559
-119.79694,87,197.666458
-75.47918,1600,197.759497
-102.682365,69,197.999053
-107.4087,144,198.447229
-80.676254,1600,198.487754
-70.94402,1600,198.749938
-111.27888,78,198.868673
-106.99823,79,199.137655
-105.398796,64,199.184971
-109.46115,68,199.497917
-78.27871,1600,201.783474
-71.69455,1600,202.959894
-73.030075,1600,202.982152
-82.00305,1600,203.263294
-102.62806,67,203.588176
-74.88331,1600,203.618321
-91.26015,1600,203.676574
-78.97429,1600,203.921166
-79.939445,1600,204.239855
-107.370316,73,204.285848
-68.84263,1600,204.85659
-70.98551,1600,205.013354
-88.134995,1600,205.170859
-111.0686,65,205.20407
-108.13565,65,205.345966
-85.53044,1600,205.376787
-110.474525,78,205.588118
-109.13607,80,205.766759
-84.46746,1600,205.934352
-120.80597,101,206.095025
-61.735886,1600,206.397021
-74.38135,1600,218.789383
-72.95177,1600,219.053945
-100.27346,106,219.521421
-71.5907,1600,221.146597
-121.60382,89,221.55881
-70.63735,1600,222.252498
-66.03058,1600,222.275326
-114.1634,49,222.508455
-77.828896,1600,222.860156
-77.16157,1600,222.887013
-76.329575,1600,222.940793
-65.04312,1600,223.454184
-70.29306,1600,223.497638
-69.0864,1600,224.272244
-71.38276,1600,224.431458
-113.224335,57,224.534775
-87.541214,1600,224.832424
-82.171425,1600,224.990321
-125.3383,128,225.041028
-77.407906,1600,225.148709
-113.66602,49,225.384594
-72.27263,1600,225.468933
-102.67019,58,225.682791
-74.77578,1600,226.186119
-109.02964,121,226.761662
-66.994576,1600,226.976147
-69.763466,1600,240.715129
-70.486374,1600,241.432415
-81.48019,1600,241.683792
-99.646065,68,242.020572
-73.34425,1600,242.056258
-67.02155,1600,242.082442
-71.334465,1600,242.136428
-65.024376,1600,242.678357
-64.40859,1600,242.7239
-70.65126,1600,243.79904
-78.54867,1600,244.09927
-76.54786,1600,244.254111
-79.421715,1600,244.303833
-105.67162,70,244.621664
-72.31232,1600,244.690877
-118.62544,103,244.734486
-79.0246,1600,244.899969
-77.09768,1600,245.932094
-62.757385,1600,246.129764
-103.03302,58,246.392758
-68.03772,1600,248.25884
-67.50721,1600,248.968383
-66.65187,1600,261.12398
-71.80228,1600,261.15964
-73.86486,1600,261.18542
-63.83142,1600,261.236057
-102.65171,82,261.605806
-68.439095,1600,261.752684
-68.72744,1600,261.797247
-103.51641,70,262.109055
-106.39698,94,262.179906
-63.029995,1600,262.867876
-54.00776,1600,263.181764
-101.08174,77,263.547031
-66.906845,1600,263.720782
-66.89862,1600,263.79123
-65.273994,1600,263.838661
-72.57628,1600,264.013392
-73.0496,1600,265.100134
-65.86625,1600,265.606043
-59.38569,1600,267.432088
-66.86696,1600,268.145787
-63.388256,1600,268.699171
-58.71659,1600,268.733928
-68.24024,1600,268.759787
-56.230408,1600,269.18542
-103.82705,62,269.470115
-70.399475,1600,269.693342
-61.243168,1600,269.764261
-64.88502,1600,270.42679
-61.14899,1600,282.721656
-54.92583,1600,282.891802
-62.699974,1600,282.960413
-64.5467,1600,283.006345
-65.09694,1600,283.177324
-102.82147,57,283.449408
-63.13237,1600,284.256879
-101.44149,61,284.53658
-65.59758,1600,284.725637
-56.9787,1600,286.567629
-53.135414,1600,287.274104
-103.11702,58,287.549601
-65.720856,1600,287.848792
-54.011753,1600,287.88634
-50.220028,1600,287.913591
-109.81221,45,288.10204
-55.476498,1600,288.647481
-63.645313,1600,288.879056
-59.25992,1600,288.951708
-66.260506,1600,289.605232
-42.440613,1600,290.2587
-60.570267,1600,290.429323
-49.680058,1600,290.499502
-58.4957,1600,290.543965
-108.02674,70,290.597075
-55.420315,1600,291.009905
-58.249073,1600,303.660672
-53.53606,1600,303.852838
-49.500362,1600,305.716985
-57.787357,1600,306.683495
-45.360046,1600,306.971547
-61.50735,1600,307.028975
-40.47543,1600,307.208133
-64.1121,1600,307.749025
-55.99011,1600,307.980728
-62.05887,1600,308.054633
-124.9139,121,308.322764
-96.78876,151,308.695287
-50.124454,1600,308.726205
-59.134396,1600,309.559605
-50.402466,1600,309.639624
-52.33779,1600,309.6867
-50.46172,1600,309.744566
-48.82776,1600,310.135429
-64.55415,1600,311.211214
-48.080307,1600,311.407948
-45.303867,1600,324.809083
-38.226517,1600,325.789741
-41.369766,1600,326.1072
-107.19153,69,326.138628
-45.807186,1600,326.1704
-45.189472,1600,326.357371
-155.77121,1316,326.536799
-105.36095,115,326.912881
-43.793816,1600,327.214437
-155.65863,1480,327.287342
-35.920853,1600,327.472889
-110.111984,210,327.525448
-35.76126,1600,328.680778
-51.677856,1600,328.74854
-45.43251,1600,328.793887
-26.96265,1600,328.848831
-111.44345,53,329.047849
-48.201996,1600,329.236637
-43.01518,1600,330.324807
-39.874195,1600,330.522075
-141.35532,1170,331.619432
-38.48929,1600,332.362639
-106.629875,75,332.710419
-102.93277,82,333.081379
-129.97421,844,333.187865
-44.716816,1600,333.631387
-36.21893,1600,333.661742
-53.822826,1600,346.011193
-55.717842,1600,346.316212
-39.717663,1600,346.396552
-35.673645,1600,346.590675
-45.657417,1600,346.645929
-60.804134,1600,347.798885
-35.20446,1600,347.867319
-32.321564,1600,347.963591
-42.58262,1600,348.164333
-35.982567,1600,349.435177
-36.425297,1600,349.631005
-111.30185,62,349.923723
-109.81622,574,350.656331
-41.103992,1600,350.71989
-122.98479,1026,350.829921
-108.10847,87,351.066574
-32.33121,1600,352.194324
-34.515923,1600,352.299306
-31.171711,1600,352.740281
-57.1959,1600,352.772547
-27.104979,1600,353.772234
-28.735447,1600,353.850027
-12.242837,1600,354.04946
-39.404434,1600,354.10489
-125.00705,103,354.584914
-101.02028,185,354.727823
-33.38818,1600,355.277639
-25.966263,1600,355.345606
-50.35026,1600,367.196562
-121.035675,80,367.217124
-53.517944,1600,368.395466
-33.813805,1600,368.879842
-23.987394,1600,369.676572
-30.112354,1600,369.786684
-41.429253,1600,370.025755
-20.290722,1600,371.146164
-29.519457,1600,371.257186
-114.1028,69,371.470451
-29.660913,1600,371.708154
-15.597924,1600,371.740393
-129.36508,1339,372.337506
-27.36765,1600,372.774987
-17.492973,1600,373.038164
-20.01791,1600,373.703305
-23.789555,1600,374.314025
-5.2623687,1600,374.601103
-26.182812,1600,374.623604
-103.947716,77,374.677315
-14.884093,1600,375.849358
-19.714529,1600,376.325445
-22.95342,1600,388.83248
-21.953812,1600,388.943331
-16.786366,1600,389.188986
-16.7909,1600,390.452752
-16.96482,1600,390.682903
-21.951935,1600,390.943905
-25.252172,1600,390.977593
-15.562779,1600,391.584419
-8.318691,1600,392.010925
-26.441828,1600,392.471961
-13.140266,1600,393.383687
-4.6550775,1600,394.322618
-6.847093,1600,394.346002
-14.828898,1600,394.402329
-14.613592,1600,395.600309
-15.314945,1600,396.086551
1.2754647,1600,396.904083
-24.277962,1600,397.015821
0.68570876,1600,397.258153
-12.11659,1600,409.958573
-0.5927889,1600,410.1723
-15.723231,1600,410.425142
-5.6111064,1600,410.455853
-104.43606,94,410.88218
-12.652086,1600,411.043869
-11.557567,1600,411.447788
-13.374532,1600,411.708139
-16.877716,1600,412.341974
-4.4263325,1600,413.236555
-10.668678,1600,413.258714
-8.621067,1600,413.311747
1.8923283,1600,414.501425
0.846338,1600,414.9974
-3.3758378,1600,415.809621
6.509831,1600,415.928955
9.907609,1600,416.177855
4.515617,1600,417.396583
-8.050854,1600,417.610816
2.8066797,1600,417.844764
4.067073,1600,418.309431
9.613246,1600,418.481939
-116.78827,78,418.679618
2.3368826,1600,418.898267
-2.8320613,1600,419.162492
-1.534833,1600,431.320397
13.637937,1600,432.202519
3.942033,1600,432.224111
6.798221,1600,432.27698
11.406933,1600,433.419672
13.785346,1600,433.877156
-1.2184728,1600,434.650429
-6.3901305,1600,434.761208
16.976704,1600,435.000098
7.3720694,1600,436.249864
11.186943,1600,436.47037
5.094643,1600,436.709789
11.461881,1600,437.32463
5.0014377,1600,437.518516
-3.7321818,1600,437.739515
19.568968,1600,438.003969
-117.88247,74,438.342204
12.9593115,1600,438.663958
35.34676,1600,439.568026
21.08412,1600,439.590652
24.08492,1600,439.644618
11.434317,1600,452.302398
8.171995,1600,452.784167
34.336456,1600,453.576105
10.1952,1600,453.685185
26.406008,1600,453.921295
22.545868,1600,455.128791
27.102444,1600,455.339722
10.444679,1600,455.569155
-108.28369,106,455.612993
21.91861,1600,456.178808
-69.857735,1387,456.217289
29.26675,1600,456.39629
-108.39956,54,456.449298
23.714815,1600,456.615344
37.578888,1600,457.520396
27.818333,1600,458.432366
34.65546,1600,458.455374
22.869162,1600,458.509306
36.17798,1600,459.683886
41.946404,1600,460.162148
22.789034,1600,460.951096
35.316505,1600,461.059259
40.273945,1600,472.762863
35.406532,1600,474.231529
7.757575,1600,474.470146
36.64185,1600,474.514487
20.506283,1600,475.147025
46.434513,1600,475.318093
35.423634,1600,475.373141
23.533772,1600,475.545743
23.495398,1600,476.466809
52.54782,1600,477.359521
24.49597,1600,477.381819
43.402523,1600,477.435412
41.799194,1600,478.589949
20.325516,1600,479.059433
33.056854,1600,479.823009
39.299026,1600,479.927248
38.200672,1600,480.17206
59.963665,1600,481.614335
33.916836,1600,481.872627
46.667324,1600,481.919052
42.72377,1600,494.001205
42.95187,1600,494.155848
74.70656,1600,494.205834
56.19875,1600,494.367011
38.299137,1600,495.297454
53.504803,1600,496.191408
49.312992,1600,496.21474
62.842003,1600,496.27072
-111.12536,58,496.473652
64.58708,1600,497.474572
64.03078,1600,497.960514
62.70631,1600,498.738089
69.25999,1600,498.844631
73.805214,1600,499.079705
72.58821,1600,500.461886
81.2642,1600,500.6914
57.66774,1600,500.735402
-59.255844,771,500.960557
68.16173,1600,501.3345
69.54503,1600,501.500613
70.464134,1600,501.556397
65.0892,1600,501.726652
58.86821,1600,502.664846
62.10395,1600,515.022654
68.56311,1600,515.077412
63.217293,1600,515.289618
65.91089,1600,516.735439
75.298416,1600,517.533476
66.64623,1600,517.641779
70.737236,1600,517.875915
66.95587,1600,519.28293
75.30837,1600,519.513514
61.02949,1600,519.557888
77.441536,1600,519.784916
72.508286,1600,520.153342
55.77338,1600,520.31421
83.96433,1600,520.366949
71.32024,1600,520.526613
76.54047,1600,521.429337
69.50968,1600,522.34111
63.51305,1600,522.395227
70.33649,1600,522.599054
73.861694,1600,535.525414
76.39819,1600,536.32023
75.45897,1600,536.42856
77.222404,1600,536.663627
88.141396,1600,538.064913
88.92641,1600,538.29854
89.16485,1600,538.3427
91.60744,1600,538.575126
93.59295,1600,538.946032
87.17861,1600,539.126003
78.961395,1600,539.18
105.37302,1600,539.343472
80.370995,1600,540.244617
80.03517,1600,541.143708
57.07376,1600,541.197015
87.59848,1600,541.394814
-127.30252,94,541.57899
-39.66334,735,542.314691
73.98104,1600,542.835479
86.76118,1600,543.611279
102.46156,1600,543.71662
101.50662,1600,543.95299
85.44903,1600,556.714479
-105.88037,45,556.92148
81.31384,1600,556.951565
99.7474,1600,556.994999
98.02639,1600,557.227669
103.34847,1600,557.762727
86.82089,1600,557.815989
92.38019,1600,557.983137
100.99095,1600,558.890031
90.5418,1600,559.853902
91.97202,1600,560.047418
-111.69949,62,560.134446
89.94752,1600,560.232135
95.10953,1600,560.964984
98.23286,1600,561.482907
113.557236,1600,562.26425
114.20466,1600,562.371289
94.63638,1600,562.605756
-78.065704,297,563.718779
105.408005,1600,564.246404
99.17451,1600,564.277081
111.60077,1600,564.320964
-108.5243,44,564.525323
-118.43846,55,564.537719
114.682365,1600,564.564413
100.228355,1600,565.103884
90.92374,1600,565.159971
105.167435,1600,565.333269
-87.45533,168,577.748312
130.12163,1600,577.904811
4.638504,1371,578.095838
-55.023754,568,578.535528
-98.78534,80,578.908494
110.61193,1600,579.073911
-106.52616,39,579.259364
-28.333633,1078,579.259425
114.81179,1600,579.267444
-45.21268,823,580.016066
105.38311,1600,580.016134
97.949036,1600,580.555025
-77.947205,307,580.707843
117.56977,1600,581.347871
-87.87784,350,582.326236
-34.50663,1031,582.560171
-87.811516,472,582.747447
109.42111,1600,582.842732
-44.5991,609,582.860567
110.86468,1600,583.62631
102.26429,1600,583.664381
127.109505,1600,584.211261
127.601036,1600,584.26365
-122.04111,121,584.820041
-87.251114,338,585.233777
97.28804,1600,585.369272
102.55676,1600,585.557091
-59.494225,529,586.072625
-72.32016,736,586.254615
132.60156,1600,586.343743
13.174995,1558,586.493332
113.543335,1600,598.021432
110.91864,1600,598.76989
-32.731705,1166,599.280637
127.45527,1600,600.081029
117.84718,1600,601.05182
-49.43785,716,601.319927
128.32246,1600,601.467712
120.54185,1600,601.562153
-107.286545,125,601.894789
127.9456,1600,602.891243
114.65393,1600,603.477512
99.15759,1600,603.872131
113.51832,1600,604.001359
112.48525,1600,604.189583
133.69914,1600,604.705327
131.15921,1600,604.888996
105.17293,1600,604.974837
118.20502,1600,605.121082
130.1712,1600,606.046887
127.81181,1600,606.538184
136.04335,1600,618.797295
109.69082,1600,619.71602
-26.140816,1035,619.984545
119.59158,1600,620.130279
119.66964,1600,620.225159
128.19316,1600,620.564437
130.4378,1600,621.595464
115.2787,1600,622.208465
130.09894,1600,622.739733
122.91167,1600,622.921773
-96.93288,138,623.346626
120.25035,1600,623.427146
141.67505,1600,623.609558
136.6828,1600,623.697052
-109.813034,90,623.7559
116.12354,1600,623.853422
124.751236,1600,624.801323
142.11589,1600,625.315144
114.50647,1600,626.132818
122.00634,1600,627.093203
123.35563,1600,627.357272
128.31842,1600,627.503875
130.55801,1600,627.600677
134.69061,1600,627.92889
140.17058,1600,640.415466
106.62694,1600,641.015724
-89.4474,122,641.552055
134.6497,1600,641.708853
135.13127,1600,642.237997
134.53276,1600,642.419448
142.65404,1600,642.506395
135.76648,1600,642.560567
139.4966,1600,642.650124
137.81891,1600,643.562399
150.11928,1600,644.079945
-124.68895,127,644.149437
139.40921,1600,644.870857
151.1463,1600,645.824939
146.2442,1600,646.08544
165.77875,1600,646.219558
128.91167,1600,646.310349
133.02945,1600,646.646449
159.74132,1600,647.658556
147.64438,1600,648.829107
154.08876,1600,660.465786
-32.468094,756,660.75265
-38.129395,686,660.844297
-39.423195,725,660.884709
150.09998,1600,660.998125
143.52884,1600,661.187583
163.45535,1600,661.276962
152.78499,1600,661.33671
144.39589,1600,661.430011
-88.36704,183,661.846195
-85.629166,360,662.399572
145.63126,1600,662.86793
124.69169,1600,662.93934
-46.054245,626,663.179401
139.92227,1600,663.64723
-42.988007,555,663.935487
-35.043602,665,664.333345
-56.12779,519,664.754488
151.86435,1600,665.089146
168.94168,1600,665.405514
-62.291157,445,665.645236
157.25252,1600,666.417586
-57.820793,547,667.255458
9.827354,1206,667.326041
166.2418,1600,667.766125
186.81575,1600,668.143919
157.11263,1600,668.183096
162.8443,1600,668.467169
149.97624,1600,668.553927
17.192093,1086,668.869436
-0.30957794,932,681.356576
165.27556,1600,681.58151
189.70767,1600,681.653328
172.1207,1600,681.902089
-92.23904,148,682.266488
-35.14736,582,682.279693
-39.134045,655,682.983112
177.47137,1600,683.088848
85.28311,1554,683.655456
27.372284,1175,684.075587
177.25626,1600,684.194267
50.707306,1459,684.555865
18.563972,1173,685.258133
171.17218,1600,686.020507
168.16408,1600,686.44232
190.59108,1600,686.834776
169.45679,1600,687.605377
184.03735,1600,688.645963
171.73286,1600,688.940969
163.95634,1600,689.183095
135.19363,1600,689.547885
181.32372,1600,689.561917
197.356,1600,690.252408
150.88841,1600,690.351456
180.07158,1600,702.378907
156.85052,1600,702.805761
151.3467,1600,702.925783
86.25926,1571,703.15605
-42.673195,435,703.708088
-81.13069,183,703.746503
173.57437,1600,704.016717
172.78246,1600,704.799606
191.51384,1600,705.226773
187.52136,1600,705.588572
49.329224,1527,705.992718
169.60513,1600,707.344768
185.81302,1600,707.641967
74.789825,1508,707.832199
177.6519,1600,707.891322
183.88785,1600,708.264169
-24.547874,846,709.074872
179.28409,1600,709.105499
-25.945206,829,709.376291
178.47282,1600,709.63748
185.13605,1600,710.043038
-75.544334,237,710.125509
174.55069,1600,710.381124
168.12526,1600,710.94624
168.18617,1600,710.985866
178.10605,1600,722.737629
66.40605,1494,723.042948
181.6684,1600,724.739906
-9.602356,848,725.335815
182.42558,1600,726.097378
163.88487,1600,726.393091
-4.768814,879,726.423593
173.45341,1600,726.584558
182.99803,1600,726.643201
40.861298,1567,726.867766
-105.46409,72,726.920648
177.23167,1600,727.829739
60.010452,1578,728.006424
-72.522026,286,728.172248
164.40092,1600,728.369595
180.89926,1600,728.85682
198.31323,1600,729.126669
168.0815,1600,729.726367
181.76038,1600,729.98047
184.90431,1600,730.298906
5.9272842,1013,730.702167
-113.615234,59,730.973654
188.27339,1600,743.314761
182.94807,1600,743.931358
30.731033,1200,744.743281
183.55972,1600,744.960482
196.53807,1600,744.991305
184.53006,1600,745.22185
205.7965,1600,745.492482
28.529526,1235,745.793269
188.05486,1600,746.392265
165.93239,1600,746.72925
12.295433,1156,746.85679
180.52602,1600,746.936161
-48.91693,639,747.642846
171.1278,1600,747.700288
151.80298,1600,748.288823
183.2504,1600,748.541722
-48.622795,500,749.173357
180.57893,1600,749.521666
-59.111702,544,750.164371
182.75755,1600,750.566829
56.505737,1189,750.858077
148.74332,1600,751.187559
-59.212944,482,751.375061
-75.65334,212,752.154558
187.39256,1600,752.220844
155.51811,1600,752.252009
186.96927,1600,752.466988
-117.541176,56,752.511284
-45.429153,460,764.355623
5.042671,1015,764.599901
173.62798,1600,764.748616
48.251236,1434,765.081523
192.85349,1600,765.378001
181.61873,1600,765.727484
40.527008,1305,766.227789
188.89052,1600,766.663494
74.17198,1599,768.563655
169.63411,1600,769.205435
192.58328,1600,769.916442
200.2961,1600,770.440522
163.86864,1600,771.211135
167.13148,1600,771.277241
-107.429054,37,771.382433
176.62071,1600,771.515746
185.13412,1600,771.557454
193.68387,1600,771.71559
204.07446,1600,771.956139
185.18564,1600,772.096605
-87.36935,154,772.22109
193.91647,1600,772.421366
176.9513,1600,772.714904
185.961,1600,773.050369
-100.44779,119,773.256516
202.0944,1600,773.544784
195.24977,1600,785.317158
196.1538,1600,787.238078
63.18895,1369,787.523379
195.78625,1600,787.868176
198.6152,1600,789.057311
193.65869,1600,789.902711
198.69524,1600,790.006236
200.11415,1600,790.180393
189.9437,1600,790.337071
-43.4506,557,790.371819
172.3901,1600,790.597501
188.39868,1600,790.731682
187.90816,1600,790.853109
190.32666,1600,791.045079
196.83438,1600,791.64857
184.19412,1600,791.845385
206.44427,1600,792.120792
200.61795,1600,792.531709
-22.332329,671,792.88267
207.49554,1600,805.853547
195.29427,1600,806.147615
67.42963,1438,806.995342
190.58607,1600,808.627059
196.25095,1600,808.800635
197.84862,1600,808.964071
202.40001,1600,809.000315
197.06723,1600,809.212967
202.5603,1600,809.353108
201.68115,1600,809.478939
207.9744,1600,809.678931
185.69156,1600,810.306874
215.51534,1600,810.510454
193.56581,1600,810.79347
201.60072,1600,811.253964
193.47057,1600,811.621174
206.74762,1600,813.118071
205.41408,1600,813.402541
201.6074,1600,814.211066
81.211334,1521,826.931224
87.05739,1481,827.126703
201.39787,1600,827.46092
202.44086,1600,827.615343
196.25041,1600,827.848848
207.61601,1600,827.980764
199.44217,1600,828.098254
197.33858,1600,828.294987
204.24571,1600,828.923468
202.98184,1600,829.133859
194.18391,1600,829.418717
-95.99648,257,829.472659
-53.93396,378,829.570766
208.67874,1600,829.8622
194.30199,1600,830.227441
217.19926,1600,831.730937
16.863998,950,831.906886
183.48549,1600,832.01865
211.44992,1600,832.852272
206.92842,1600,834.166461
187.98384,1600,834.356225
205.82703,1600,834.709372
205.22054,1600,835.241066
208.419,1600,835.366308
212.60526,1600,847.64795
202.71693,1600,847.850061
202.12894,1600,848.132768
196.92734,1600,848.184393
204.63509,1600,848.281904
196.58723,1600,848.566366
-58.867928,424,848.742541
221.92172,1600,848.921654
-42.042343,504,849.884112
-121.04633,103,850.327346
202.06328,1600,850.381834
205.08597,1600,850.556414
211.51892,1600,850.668325
12.496254,977,851.057638
196.61087,1600,851.49738
211.22731,1600,852.829399
222.4436,1600,853.018938
-31.206573,551,853.081958
217.61598,1600,853.371099
-29.076126,577,854.093281
219.8684,1600,855.001489
212.28833,1600,855.288249
223.67761,1600,855.341197
214.96281,1600,855.440248
221.46808,1600,855.731241
217.5628,1600,855.910835
233.74272,1600,856.09568
75.70529,1360,868.678498
197.63263,1600,869.022573
210.13307,1600,869.078458
218.89197,1600,869.367256
43.440323,1059,869.597738
-55.02647,485,870.819148
210.47331,1600,871.441885
206.87796,1600,871.620765
203.72176,1600,871.679491
222.95927,1600,872.744618
25.005348,1229,873.066469
222.70287,1600,873.674795
224.2641,1600,873.965897
221.87148,1600,874.019504
229.036,1600,874.118682
227.40334,1600,874.410924
209.60332,1600,874.595881
-127.21383,139,875.028159
220.42947,1600,876.199507
206.78374,1600,876.257346
231.82278,1600,876.551825
203.60954,1600,876.782071
223.47542,1600,889.546741
211.41504,1600,890.178189
222.48485,1600,890.361614
221.05923,1600,890.422699
220.14209,1600,891.419356
223.83902,1600,891.723084
232.14671,1600,892.334143
209.64215,1600,892.62268
225.58017,1600,892.676173
210.49997,1600,892.772946
210.8653,1600,893.262693
219.68329,1600,893.71327
221.79892,1600,894.903295
211.94101,1600,894.957628
224.05365,1600,895.239529
215.01591,1600,895.453561
216.94356,1600,896.73357
217.77002,1600,897.375729
211.83449,1600,897.582016
218.20412,1600,897.644793
73.60751,1242,909.440695
225.69232,1600,910.11674
192.00784,1600,910.419285
207.42793,1600,911.300154
210.79376,1600,911.355479
233.35916,1600,911.454391
216.98984,1600,911.924252
226.95438,1600,912.383102
219.15092,1600,913.605446
220.14398,1600,913.662815
222.78897,1600,913.946831
209.07243,1600,914.166188
-70.52259,288,914.936035
222.78755,1600,915.41872
222.84293,1600,916.063379
69.29042,1249,916.089752
238.65671,1600,916.259152
225.6534,1600,916.321744
232.66568,1600,916.670282
204.65727,1600,917.364987
218.35631,1600,929.883469
211.7388,1600,929.93555
211.56464,1600,930.032583
223.10374,1600,930.489694
224.4165,1600,930.933879
-55.708878,374,931.599777
231.76799,1600,932.108185
222.32942,1600,932.45036
-77.64142,201,932.503688
216.90385,1600,932.679888
221.70789,1600,933.455162
224.26134,1600,933.941752
202.00058,1600,934.573113
224.59595,1600,934.599952
234.01251,1600,934.763542
226.70451,1600,934.824521
224.29128,1600,935.172866
227.1191,1600,935.872555
-6.1794662,635,936.320192
232.5533,1600,937.066809
232.73003,1600,937.215219
87.03409,1402,937.23735
227.20323,1600,937.688071
21.334534,901,938.701635
192.51631,1600,951.071201
231.82224,1600,951.423974
232.15845,1600,951.477505
235.24355,1600,951.659643
238.89713,1600,952.939946
235.53656,1600,953.590187
236.57022,1600,953.781199
234.65259,1600,953.845683
220.11899,1600,954.204081
232.03383,1600,954.919291
227.51912,1600,955.380389
222.36615,1600,956.131354
221.95107,1600,956.277416
197.88496,1600,956.299121
238.46681,1600,956.742403
203.1749,1600,957.71644
227.13074,1600,958.367198
229.93665,1600,958.710882
214.18568,1600,958.764586
240.60915,1600,958.94578
223.9236,1600,971.466397
223.70787,1600,972.101813
238.64445,1600,972.292752
214.06538,1600,972.355748
214.60246,1600,972.708337
111.38472,1550,973.182704
226.36263,1600,973.857219
228.7861,1600,974.590562
223.10655,1600,974.73817
251.76984,1600,974.759978
238.51881,1600,975.213408
228.64551,1600,976.18645
240.43877,1600,976.826139
220.69208,1600,977.158483
237.24606,1600,977.208998
55.542313,1113,977.28073
246.13457,1600,977.386107
83.38501,1236,978.210136
218.32446,1600,978.604394
239.44153,1600,979.210726
234.34723,1600,979.468153
236.14734,1600,980.289283
236.06458,1600,992.431411
240.55426,1600,993.187542
242.05713,1600,993.335808
246.00519,1600,993.357928
240.95128,1600,993.806985
233.89977,1600,994.781128
238.19342,1600,995.417771
235.8652,1600,995.762538
231.98933,1600,995.815691
251.13243,1600,995.890929
254.95721,1600,995.999866
243.81886,1600,996.84774
246.7668,1600,997.252333
-72.71068,307,997.373043
227.16824,1600,997.904209
235.2021,1600,998.151339
234.78613,1600,998.957124
247.05072,1600,999.630482
98.530075,1420,999.721519
-27.735466,617,1000.033752
246.75119,1600,1000.376343
234.82893,1600,1000.538844
248.73265,1600,1000.991579
232.40631,1600,1013.39931
250.41177,1600,1014.041618
256.77826,1587,1014.371423
230.47025,1600,1014.383094
244.19337,1600,1014.499404
244.64192,1600,1015.466113
242.5346,1600,1016.006492
247.0101,1600,1016.533687
236.31107,1600,1016.784953
244.34604,1600,1017.597822
234.91287,1600,1018.247513
248.7539,1600,1018.329175
31.516708,857,1018.363291
238.62373,1600,1018.655546
-68.34478,311,1018.984748
225.83635,1600,1019.01137
231.16829,1600,1019.175063
250.52023,1600,1019.621905
101.74298,1346,1020.467716
244.13971,1600,1020.620603
240.63896,1600,1021.276225
246.04468,1600,1021.607511
37.40988,931,1034.054983
242.27437,1600,1034.172158
245.5706,1600,1034.690726
63.917007,1041,1034.836039
47.94745,1029,1035.120709
237.99216,1600,1035.205361
238.41226,1600,1035.443756
249.62325,1600,1036.889354
245.94885,1600,1036.968157
248.1785,1600,1037.617388
239.12773,1600,1037.80848
250.06096,1600,1038.260336
259.17892,1558,1039.073802
248.26743,1600,1039.117778
232.84271,1600,1039.913229
234.83693,1600,1040.234346
255.37059,1581,1041.132658
247.97533,1600,1041.335625
234.86642,1600,1041.868422
250.04092,1600,1042.016249
241.1267,1600,1042.311934
243.06693,1600,1042.40029
235.41782,1600,1054.145277
247.7743,1600,1055.607371
237.03142,1600,1055.689507
232.88739,1600,1056.327672
234.9877,1600,1056.509145
245.30107,1600,1056.96276
256.31454,1574,1057.659967
229.86447,1600,1057.738979
243.78183,1600,1058.564424
237.56923,1600,1058.905445
234.60252,1600,1059.804455
239.54208,1600,1060.011472
257.17654,1594,1060.515693
234.76544,1600,1060.68873
249.73315,1600,1060.984063
253.15672,1600,1061.0686
255.41989,1600,1061.324614
252.52504,1600,1062.780344
244.30237,1600,1062.864659
239.85434,1600,1074.980488
246.05504,1600,1075.163916
235.61029,1600,1075.611573
252.7311,1600,1076.340714
238.63304,1600,1076.419476
238.11185,1600,1077.247257
237.07993,1600,1077.571441
111.30789,1434,1077.899898
255.91245,1600,1078.440301
237.68251,1600,1079.143667
256.5175,1582,1079.236605
243.07056,1600,1079.61294
234.17291,1600,1079.702588
249.6222,1600,1079.948625
249.22691,1600,1081.428888
252.27118,1600,1081.528543
225.60017,1600,1082.15413
242.87741,1600,1082.344469
227.88455,1600,1082.790691
251.5127,1600,1083.504925
243.63333,1600,1083.586682
240.32446,1600,1095.866956
239.0814,1600,1096.187603
233.34604,1600,1096.523076
247.01216,1600,1097.043422
115.69498,1396,1097.287142
131.4267,1503,1097.308004
246.22455,1600,1097.851832
237.45622,1600,1098.317039
259.4048,1594,1098.536428
246.54279,1600,1100.040162
249.64981,1600,1100.117606
251.35365,1600,1100.738018
257.35645,1585,1100.85488
248.08755,1600,1101.389429
116.983154,1381,1102.048659
256.85577,1600,1102.11755
250.74773,1600,1102.195297
244.0315,1600,1103.364401
228.66747,1600,1103.699035
253.5128,1600,1104.240442
246.23486,1600,1115.798173
249.77092,1600,1115.820528
255.08243,1600,1116.339903
249.57582,1600,1116.795996
249.16322,1600,1117.011838
256.9256,1578,1118.510743
236.51192,1600,1118.531405
243.24883,1600,1119.244282
239.04288,1600,1119.360544
248.34541,1600,1119.87213
252.43362,1600,1120.522678
251.75539,1600,1120.592172
251.72353,1600,1120.670943
251.99416,1600,1121.835393
249.98494,1600,1122.1731
227.87173,1600,1122.726425
260.3461,1578,1122.893646
238.24942,1600,1122.976765
258.70718,1596,1123.511669
247.54915,1600,1123.988841
240.44658,1600,1124.207581
245.43163,1600,1137.409705
238.15427,1600,1137.432199
259.47824,1585,1138.09588
248.67307,1600,1138.299943
248.45393,1600,1138.827465
253.91428,1600,1139.490511
245.92932,1600,1139.563875
246.94086,1600,1139.644629
243.24545,1600,1140.826328
263.99557,1532,1140.866187
258.0745,1588,1141.675448
244.07379,1600,1141.895063
234.61006,1600,1141.979077
-91.854195,131,1142.27475
244.2786,1600,1142.511458
257.02646,1588,1142.930437
242.50687,1600,1143.204573
248.13525,1600,1144.701789
248.02032,1600,1144.724558
255.35597,1592,1145.343865
252.08675,1600,1145.567603
258.10358,1564,1157.26316
249.16202,1600,1158.090054
241.19853,1600,1158.160318
239.39479,1600,1158.240059
254.3468,1585,1159.376984
246.85283,1600,1159.411193
250.85107,1600,1160.434695
246.65193,1600,1160.516341
257.4734,1593,1160.773033
254.53099,1580,1160.948339
244.79,1600,1161.463692
238.47282,1600,1161.733783
256.39096,1586,1163.168631
253.47978,1600,1163.216449
257.84476,1572,1163.722887
250.00044,1600,1164.060941
262.783,1536,1164.123607
251.63377,1600,1165.212699
249.69524,1600,1165.284766
253.80339,1600,1165.365238
236.41096,1600,1177.934966
242.63876,1600,1177.969874
257.58304,1562,1178.857808
244.14221,1600,1179.116
254.61386,1600,1179.392038
253.38364,1600,1179.564239
259.30203,1540,1179.802506
248.23718,1600,1180.324129
263.38028,1525,1181.44652
247.86974,1600,1181.831136
258.89273,1578,1182.242296
254.19429,1600,1182.688945
256.08655,1589,1182.706588
241.7563,1600,1183.869004
258.7808,1595,1183.916667
251.10887,1600,1184.016336
-34.883255,519,1184.181687
-82.38342,169,1184.626773
253.76941,1600,1185.147703
253.07356,1600,1185.181989
254.40376,1600,1186.055911
254.16528,1588,1186.251372
264.05518,1550,1186.342225
262.46997,1521,1186.38884
259.8497,1583,1186.893963
257.15497,1591,1198.911459
263.7082,1534,1199.743898
244.02478,1600,1200.843156
257.2909,1577,1201.205909
254.62877,1600,1201.297803
245.1711,1600,1202.508731
251.88371,1600,1202.610665
256.62018,1595,1202.754307
256.1871,1588,1203.165299
260.28165,1567,1203.574809
243.23343,1600,1203.756186
90.63202,1207,1204.329143
256.17426,1600,1204.6711
248.42514,1600,1204.870509
258.728,1598,1204.956928
255.92227,1600,1205.015059
252.8519,1600,1205.536029
258.78363,1599,1206.985777
250.13559,1600,1219.520045
259.1124,1547,1219.639168
258.3684,1594,1219.936001
253.52261,1600,1221.1833
258.21436,1594,1221.259942
246.19142,1600,1221.429852
241.5619,1600,1221.836434
256.39325,1580,1222.16167
229.84616,1600,1222.431748
261.69238,1560,1222.799003
259.25003,1572,1223.195786
252.3835,1600,1223.522982
259.9376,1573,1223.539883
250.46634,1600,1223.609459
250.5616,1600,1224.196554
252.1346,1600,1225.632945
239.76645,1600,1226.717421
252.72939,1600,1226.839803
245.70255,1600,1227.142621
246.74153,1600,1239.852674
258.06763,1600,1239.926541
251.51456,1600,1240.09747
244.14629,1600,1240.512905
261.44946,1564,1240.703951
243.12366,1600,1241.129573
252.77042,1600,1241.490461
245.23491,1600,1241.870941
-34.18376,454,1241.957255
258.9624,1591,1242.149762
257.53793,1598,1242.196408
250.29607,1600,1242.272863
254.26678,1600,1242.830588
251.74866,1600,1244.242463
258.48593,1595,1245.3321
256.97952,1590,1245.42921
239.79527,1600,1245.778649
252.32529,1600,1246.995475
251.2131,1600,1247.230483
254.41718,1600,1247.664329
256.93872,1586,1247.783997
252.66771,1600,1248.281735
251.86337,1600,1248.651223
258.06314,1585,1248.979359
244.49922,1600,1260.609843
259.00208,1580,1260.759655
251.08035,1600,1260.807907
257.0407,1600,1260.929435
255.26003,1591,1261.479892
254.78513,1600,1262.921581
255.16783,1600,1263.972842
250.96927,1600,1264.071264
258.68677,1556,1264.224025
260.64548,1569,1265.545636
240.4853,1600,1265.928658
261.8163,1538,1266.069726
250.88727,1600,1266.45995
260.90872,1576,1266.831441
259.99863,1575,1267.172974
259.4623,1578,1267.502392
244.83713,1600,1267.759217
263.0098,1562,1267.790652
254.47914,1600,1267.917033
258.41837,1578,1267.990409
235.85155,1600,1268.619654
254.7108,1600,1281.548858
247.98816,1600,1282.598165
255.13817,1600,1282.694749
255.16624,1600,1282.847387
257.043,1600,1284.152656
262.57452,1573,1284.41529
255.59158,1600,1284.681319
254.87628,1600,1285.081266
255.08005,1600,1285.457574
261.44983,1571,1285.682544
138.93945,1527,1286.074529
255.60928,1600,1286.151563
259.6092,1589,1286.383672
257.45984,1600,1286.566362
251.83197,1600,1286.639831
260.43008,1583,1287.223363
-22.075188,538,1288.529954
253.43195,1600,1288.764613
261.0141,1560,1289.733143
250.6812,1600,1289.821156
254.26863,1600,1290.062883
259.207,1584,1302.578758
249.57217,1600,1302.903665
260.97607,1559,1302.981791
250.93604,1600,1303.571423
259.44485,1557,1303.765492
260.73032,1576,1304.078241
259.58115,1577,1304.547318
252.70322,1600,1304.876797
258.73996,1576,1304.948595
-63.15583,294,1305.08383
254.78026,1600,1305.126755
257.66437,1592,1305.641605
255.17842,1600,1306.994982
251.89789,1600,1307.233196
262.46103,1536,1307.937816
258.0436,1547,1308.074523
255.9467,1580,1308.467574
257.04337,1600,1309.786748
257.31537,1556,1309.925188
248.74281,1600,1310.202268
262.84857,1539,1310.509027
254.18837,1596,1323.006257
241.92929,1600,1323.501353
258.71722,1564,1323.743546
257.75845,1551,1323.823043
252.58856,1600,1323.844173
259.13617,1599,1324.083257
244.19049,1600,1324.613907
257.65112,1569,1325.845764
251.11018,1600,1326.230333
260.74014,1542,1326.67757
257.2854,1557,1326.886433
258.62466,1534,1327.20156
-91.81384,125,1327.477581
261.78586,1513,1328.544493
258.18112,1586,1328.736394
251.14398,1600,1329.224313
246.31201,1600,1329.532718
255.44319,1600,1330.303975
246.64429,1600,1330.803352
260.7562,1554,1330.931964
256.48828,1600,1331.047594
251.9096,1600,1331.127665
255.68153,1600,1331.384083
256.20706,1597,1343.230347
253.16498,1600,1344.460461
259.34814,1545,1344.590955
257.5723,1557,1345.078236
262.06537,1547,1345.513934
252.19617,1600,1346.017288
262.93512,1515,1346.707013
259.87057,1565,1347.127712
244.68376,1600,1347.765409
239.08363,1600,1348.062119
261.67746,1547,1348.56936
260.32025,1556,1349.079411
261.68124,1541,1349.138116
265.7285,1531,1349.278936
260.0395,1586,1349.444119
260.32385,1522,1349.489739
243.10329,1600,1350.32988
253.90282,1600,1351.563376
260.1368,1581,1351.612159
258.9377,1558,1352.026787
261.16483,1520,1352.304299
262.33347,1501,1364.189448
260.90213,1597,1365.31803
256.64053,1575,1365.624873
248.63278,1600,1366.355203
260.9509,1567,1366.516409
255.34222,1580,1367.098886
265.018,1542,1367.517895
257.03583,1581,1367.636935
258.28537,1585,1367.877171
262.47952,1548,1367.88492
259.1904,1553,1367.955904
258.40762,1600,1369.048697
256.11734,1582,1370.212105
259.52783,1600,1370.251588
263.48438,1565,1370.525323
260.14993,1565,1370.795134
259.8346,1557,1371.183278
250.75769,1600,1372.480814
252.38948,1600,1372.791738
261.26886,1558,1384.780209
258.9937,1540,1384.855296
263.7425,1526,1385.351648
258.94244,1591,1386.071308
262.92218,1573,1386.110633
260.58054,1520,1386.167754
262.45718,1552,1386.243422
259.0996,1562,1386.298656
261.3553,1543,1387.370368
260.9573,1572,1388.704951
259.74655,1600,1388.795482
246.07748,1600,1389.098349
261.87228,1558,1389.184496
260.69995,1533,1389.468911
254.59276,1600,1391.109648
251.38667,1600,1391.435404
260.32443,1572,1391.866516
262.0143,1589,1392.019349
265.6933,1503,1392.155028
264.84167,1511,1392.997703
263.18842,1545,1393.098882
261.64862,1565,1393.153827
262.79532,1539,1393.248258
260.40512,1573,1393.355241
261.1261,1577,1405.934675
-81.19059,280,1406.069152
265.4535,1495,1407.26894
257.45865,1600,1407.335666
253.97853,1600,1407.427181
262.2575,1521,1407.475765
260.04117,1542,1407.835573
260.4475,1566,1409.584903
261.76562,1555,1409.857747
-18.276405,529,1410.239165
257.9849,1569,1410.353821
258.08762,1554,1410.444934
248.01553,1600,1410.78575
266.02893,1506,1411.330627
263.61234,1524,1411.359912
261.6158,1561,1411.425462
263.0191,1524,1411.505476
-58.802612,338,1412.86414
259.36203,1586,1413.0296
255.65793,1578,1413.140122
267.4795,1486,1414.137955
258.72903,1535,1414.205094
263.54462,1541,1414.304225
263.89978,1518,1425.778934
260.68307,1559,1428.007501
261.4121,1543,1428.202813
259.33142,1541,1428.576362
264.5457,1511,1428.641277
262.5417,1563,1428.787934
260.1042,1548,1429.143588
261.9527,1528,1429.718334
256.9112,1600,1429.979175
254.59328,1599,1430.127101
262.3884,1494,1430.997581
260.74744,1550,1431.412136
259.73663,1595,1431.716558
261.83182,1517,1432.348943
262.5312,1533,1432.481646
262.69006,1557,1432.678759
254.46559,1600,1432.901003
242.95921,1600,1446.643062
255.45052,1571,1446.712222
259.22375,1567,1447.055705
261.01047,1570,1447.133404
262.382,1540,1447.1502
262.4755,1547,1447.536776
256.99088,1568,1448.177016
260.30875,1542,1448.313775
261.1987,1542,1448.454819
261.99182,1556,1449.372797
265.4714,1536,1449.713768
262.0828,1574,1450.190441
260.70987,1535,1450.664856
264.47617,1534,1450.797459
263.93097,1541,1451.033949
261.39273,1588,1451.475651
259.38358,1550,1453.632958
251.58592,1600,1453.802884
257.306,1591,1454.202098
240.15387,1600,1454.320509
255.69783,1600,1454.338095
258.0503,1572,1454.611372
263.57086,1527,1455.217447
258.53342,1591,1455.369839
256.83984,1597,1467.121289
262.80267,1549,1467.810796
258.74933,1560,1468.182096
260.02374,1581,1468.754958
262.63644,1543,1469.061191
258.3021,1590,1469.405041
258.87714,1584,1469.613856
62.975952,1005,1469.790322
256.90717,1589,1470.101639
262.82028,1552,1472.071278
264.43378,1515,1472.442201
263.1319,1506,1472.535981
256.55817,1594,1472.919422
257.99792,1563,1473.063575
61.9234,1013,1473.619408
260.92163,1567,1473.69421
258.44922,1571,1473.867486
261.3801,1584,1474.232736
263.28293,1528,1474.702759
265.97424,1526,1475.059515
264.17197,1535,1475.656985
265.48074,1528,1487.59486
256.10425,1600,1488.118012
247.7412,1600,1488.295883
258.49185,1558,1488.390507
52.16263,942,1488.619473
263.24194,1510,1490.182737
260.12814,1545,1490.707223
264.22412,1527,1490.719306
260.9982,1586,1491.358313
264.18433,1555,1491.903692
258.93967,1563,1492.016309
144.37518,1495,1492.247495
251.60022,1600,1492.356986
262.90973,1533,1492.891229
259.56967,1593,1493.533626
265.5578,1531,1493.863916
266.0057,1510,1494.393331
258.36325,1585,1495.270917
263.74234,1538,1495.331738
260.6657,1589,1495.468657
258.1881,1579,1495.74811
265.10046,1532,1508.819161
267.67273,1493,1509.170095
263.96103,1528,1509.34117
265.63034,1527,1509.993087
261.52438,1521,1510.534093
267.4087,1482,1510.699614
266.7795,1545,1510.758379
264.38766,1554,1511.152256
264.07236,1539,1511.650341
265.42957,1553,1512.361557
259.3198,1594,1512.882154
265.6429,1537,1513.147966
262.50647,1530,1514.02364
260.85776,1565,1514.12555
258.3104,1570,1514.346256
256.1794,1600,1514.76014
258.6098,1570,1516.011751
261.609,1501,1516.221102
257.11838,1600,1516.505729
257.41733,1588,1517.26406
264.4913,1516,1517.465966
262.14026,1538,1517.730609
264.59253,1554,1529.215137
258.28326,1600,1529.783104
265.1615,1542,1529.985784
262.04816,1507,1530.520392
267.89386,1444,1531.01859
256.62173,1564,1531.293893
265.26395,1534,1532.316522
259.33148,1543,1532.665429
256.65094,1600,1532.707895
260.45813,1585,1533.257234
111.898224,1297,1533.39414
258.64426,1561,1534.347061
271.7961,1465,1534.40432
264.87692,1529,1535.428564
263.7742,1528,1535.626368
259.31772,1564,1536.068255
259.46344,1594,1536.357135
255.85971,1588,1536.919983
259.3377,1600,1537.184543
262.46884,1569,1537.58917
259.2737,1558,1538.03097
258.5981,1590,1549.908345
97.37929,1202,1550.276162
260.00974,1583,1550.865092
258.21255,1549,1551.099243
257.53333,1579,1551.196796
262.7921,1545,1551.659891
261.0563,1565,1552.889893
261.8024,1572,1552.977387
262.90305,1544,1553.90388
262.03842,1546,1554.115506
258.94034,1560,1554.593903
262.94394,1550,1554.806734
260.78354,1593,1555.541053
259.872,1565,1555.67314
262.2425,1539,1555.951868
261.76468,1560,1556.526606
261.66852,1542,1556.868195
261.4659,1552,1557.27129
263.20203,1525,1557.75142
266.98694,1521,1558.060177
259.15082,1585,1558.249511
262.02982,1573,1558.721009
259.8407,1565,1571.342819
258.24792,1594,1571.564199
259.80685,1575,1572.416404
260.36246,1579,1572.637155
263.68362,1546,1572.975525
266.9579,1518,1573.071136
262.2871,1497,1573.707143
269.25552,1488,1573.79973
263.18573,1566,1574.408859
-17.297615,558,1574.895054
260.05084,1566,1574.952379
261.90845,1515,1575.069568
265.36484,1532,1575.568798
257.74506,1578,1576.269747
264.13065,1540,1576.422675
262.1334,1566,1576.743222
264.7999,1531,1577.09363
260.49277,1529,1578.249177
264.08957,1554,1578.569317
263.99866,1521,1579.458941
263.97006,1575,1591.559634
263.3276,1595,1591.559703
263.72812,1542,1592.046816
251.244,1600,1592.387221
260.13483,1600,1593.017368
262.69946,1518,1593.132262
261.6711,1551,1593.339209
258.84143,1573,1593.555256
267.00104,1553,1593.960702
-67.50171,290,1594.449142
263.71155,1519,1594.51904
258.2554,1567,1594.8847
267.67505,1523,1594.999826
259.04056,1600,1595.675261
116.91698,1252,1596.46828
265.894,1538,1596.522505
262.7274,1554,1596.915816
265.26202,1528,1598.37902
266.73932,1542,1598.445204
261.9627,1558,1599.027515
263.9373,1546,1599.328717
249.73906,1600,1600.189312
259.4258,1563,1611.80796
267.37436,1549,1611.955689
263.75757,1511,1612.187924
268.36087,1496,1612.59551
261.06027,1600,1613.123349
263.73648,1534,1613.198978
-7.3859177,606,1613.19904
263.673,1522,1613.261352
266.78073,1554,1614.058954
270.3422,1479,1614.563932
264.41367,1542,1614.908973
261.4905,1590,1615.538329
-7.4993134,635,1616.069885
268.0453,1504,1616.625121
263.6056,1520,1616.763379
264.56418,1554,1617.781431
267.51544,1528,1618.551784
262.71924,1506,1618.603738
267.90106,1543,1618.926254
262.7816,1560,1619.244839
263.98883,1510,1619.442636
266.4643,1545,1620.212468
261.3008,1573,1620.275373
263.7126,1572,1620.400131
267.98666,1497,1620.883099
267.64868,1540,1633.023594
268.17404,1522,1633.3026
-68.37891,264,1633.533818
265.0462,1531,1633.936606
269.60074,1500,1634.327875
264.65054,1547,1635.218848
237.14232,1600,1635.330196
71.46753,1099,1635.374437
265.58676,1579,1636.43562
268.32132,1520,1636.973942
266.15628,1568,1637.136968
266.2249,1514,1637.554509
265.16092,1530,1637.811929
267.3685,1540,1638.622974
268.49057,1508,1638.661705
266.53223,1548,1638.722429
74.899414,1048,1639.07345
266.7346,1549,1640.034158
266.6805,1524,1640.179195
262.60507,1534,1640.465595
50.209274,905,1641.034846
262.91312,1581,1641.082867
270.83884,1486,1653.485073
270.891,1497,1653.574929
261.36224,1551,1653.682668
92.11438,1102,1654.263823
260.80707,1600,1655.096069
261.4962,1571,1655.684791
269.2851,1513,1655.851102
53.662094,905,1656.558893
76.95752,1058,1656.663515
268.00928,1533,1657.011989
260.61993,1588,1657.22727
262.13416,1569,1657.239581
268.95163,1502,1657.287966
262.64993,1595,1658.691807
249.49838,1600,1658.869365
263.9129,1559,1659.589695
266.51678,1551,1660.591848
256.46713,1600,1660.729913
261.83517,1582,1660.838471
269.6122,1512,1661.083065
96.79776,1185,1661.900228
263.22235,1531,1661.966481
257.51987,1600,1674.208327
261.77423,1600,1674.380853
264.79892,1536,1674.943197
267.54758,1548,1675.339222
264.5291,1539,1675.517693
263.5719,1537,1675.517746
265.6137,1561,1675.673713
262.9931,1541,1676.936594
265.88278,1526,1677.037621
266.69373,1499,1677.656219
261.54468,1543,1678.842254
254.83423,1600,1679.252079
263.95584,1541,1679.344968
257.9502,1600,1679.366311
264.59067,1580,1680.367546
265.07025,1577,1680.424551
96.770065,1185,1680.680128
260.22995,1600,1681.416926
256.71655,1600,1681.588803
262.322,1564,1681.984514
257.51007,1600,1682.721417
262.65445,1600,1682.721483
266.9085,1572,1682.75223
-25.42936,513,1695.658769
257.71954,1600,1695.921406
260.87155,1593,1695.992184
265.43683,1544,1696.381328
266.84012,1541,1697.577138
263.36612,1524,1698.003019
261.98016,1573,1698.117992
263.81485,1560,1698.152816
264.79907,1549,1699.110782
260.22552,1589,1699.345935
263.80984,1576,1699.545459
268.02747,1523,1700.056646
264.45874,1522,1700.618805
267.13583,1550,1701.482489
262.63092,1572,1701.583735
257.23236,1600,1701.737781
265.76947,1563,1702.726127
262.16138,1544,1702.901279
269.6246,1535,1702.933769
266.23447,1532,1703.311688
267.0033,1524,1715.796641
265.8191,1553,1716.334837
268.07312,1531,1716.383631
262.4258,1567,1716.515011
155.71808,1445,1716.966982
264.30508,1513,1717.506954
267.91653,1522,1717.742763
271.05273,1494,1718.109127
261.90182,1574,1718.999822
264.27185,1511,1719.647882
263.87903,1541,1719.685511
263.16696,1541,1719.926877
7.0134354,684,1720.724473
263.58228,1600,1721.16027
265.36145,1578,1721.262195
251.72444,1600,1721.337279
263.82034,1555,1721.538802
262.95972,1567,1722.740884
269.8459,1501,1723.000347
264.6099,1533,1723.191784
265.74142,1545,1723.37466
268.19833,1531,1723.75592
265.26892,1513,1724.199555
268.3966,1493,1736.215649
265.467,1575,1737.501666
264.8805,1579,1738.20272
259.10596,1591,1738.296286
266.2023,1536,1738.304486
263.1149,1549,1739.185283
266.95575,1538,1739.5677
268.5347,1538,1739.741257
263.4318,1557,1739.75867
266.09265,1561,1740.0435
264.2803,1491,1740.927257
261.9306,1562,1741.497791
264.1142,1554,1741.653675
266.55432,1558,1741.858935
263.9501,1596,1742.418257
260.79572,1600,1742.878778
260.57236,1580,1743.295959
47.6696,900,1743.744714
268.90573,1531,1744.328424
266.2831,1532,1745.0412
263.92868,1550,1756.699795
261.15765,1594,1756.906954
264.3866,1580,1757.730437
265.22638,1539,1757.934426
265.90875,1534,1758.08773
265.05673,1510,1758.28792
262.73782,1559,1759.387563
265.94562,1536,1760.019645
261.62296,1571,1760.027774
266.83295,1551,1760.311964
142.65465,1468,1760.519838
265.888,1501,1761.159144
260.75745,1566,1761.881818
262.16525,1582,1762.416342
262.33087,1560,1762.917493
263.44406,1572,1763.658324
263.20746,1574,1763.83814
266.74002,1536,1763.872416
268.65988,1509,1764.55321
261.34305,1568,1765.004239
262.17685,1556,1765.099207
257.27167,1600,1765.491725
259.1598,1590,1777.986318
269.01373,1532,1778.342797
261.27063,1558,1778.468684
266.80585,1525,1778.589065
257.13528,1600,1779.129587
263.5198,1566,1779.606923
266.90244,1557,1780.295889
60.99907,991,1780.915287
252.80316,1600,1781.027479
265.78156,1571,1781.407272
265.94595,1504,1782.040961
265.23358,1552,1782.049003
264.87665,1561,1782.272671
55.10846,950,1782.87707
263.99805,1595,1783.165082
263.36526,1554,1783.545014
267.56897,1546,1783.90429
266.48032,1534,1784.940579
264.85532,1559,1785.424849
257.00012,1600,1785.728752
264.73102,1593,1786.345134
265.57483,1545,1798.079327
268.76294,1537,1798.706856
264.4959,1580,1799.48515
259.7856,1582,1799.611451
262.77652,1592,1800.044228
267.15228,1543,1800.492487
261.15402,1559,1800.574992
253.77428,1600,1800.982084
261.03073,1568,1801.436541
261.6367,1555,1801.667672
268.4527,1542,1801.99894
263.853,1584,1802.529463
262.2813,1585,1803.514528
263.97977,1541,1803.798433
-22.922516,483,1803.820559
263.96133,1549,1804.15129
267.5856,1519,1804.887796
262.74545,1600,1804.999717
263.14404,1600,1805.914136
261.89218,1579,1806.629516
258.8499,1582,1806.764059
253.82278,1600,1818.714501
267.80765,1535,1818.860457
262.55603,1562,1819.053325
266.12613,1565,1819.463215
254.50143,1600,1820.077688
264.3447,1562,1820.451498
264.91608,1589,1821.125554
261.15707,1600,1822.19573
267.24338,1555,1822.272721
257.97803,1600,1822.502429
260.13916,1583,1822.743346
268.08203,1551,1823.317006
267.93643,1536,1823.360729
258.8386,1600,1824.562621
264.6814,1557,1825.095
268.5861,1528,1825.103015
264.62622,1531,1825.618441
257.46457,1600,1826.073441
260.97256,1600,1826.27366
266.33423,1549,1826.462303
263.01492,1575,1827.193487
262.83185,1566,1827.519619
259.7297,1600,1839.820991
241.963,1600,1840.887454
265.0833,1587,1840.909391
263.55234,1556,1840.993964
267.5215,1541,1841.171876
264.24622,1549,1841.823278
259.11133,1586,1841.94466
254.96846,1600,1843.267677
262.35458,1577,1843.691478
261.51218,1587,1843.745335
265.8431,1551,1844.105416
265.2255,1538,1844.693135
269.5839,1504,1844.731745
260.967,1600,1844.780249
267.9618,1540,1845.609051
262.69485,1588,1846.141346
82.83864,1114,1846.818667
246.59373,1600,1846.985057
263.0815,1551,1847.854124
263.32275,1562,1847.889095
264.3144,1550,1847.937432
251.80359,1600,1848.344678
267.59924,1550,1860.288623
262.0742,1564,1861.633621
267.33405,1530,1861.947918
260.99295,1575,1862.104214
268.44922,1527,1862.294326
266.4479,1496,1862.755202
265.5018,1554,1863.103652
259.02084,1600,1863.289111
261.62515,1600,1864.167489
265.86993,1555,1864.515712
264.76498,1581,1865.334835
254.53777,1600,1865.591041
266.19598,1504,1866.026526
266.849,1544,1866.242939
263.11606,1567,1866.392819
263.49796,1546,1866.704379
259.16498,1581,1867.42563
135.40227,1399,1868.445107
263.0137,1580,1868.797835
261.92987,1548,1868.975499
44.12758,826,1869.083337
264.5802,1556,1881.110127
260.87204,1590,1881.733589
265.26242,1524,1881.782628
261.77792,1562,1882.123878
263.57907,1520,1882.853372
265.05115,1548,1883.324896
12.262352,680,1883.964942
263.04544,1558,1884.459206
265.05624,1519,1884.71823
267.74173,1536,1885.008104
268.07898,1526,1885.115128
261.90982,1561,1885.582387
264.61996,1516,1886.109191
65.887955,1054,1886.548621
265.74503,1490,1887.351364
263.86993,1579,1887.407265
260.73517,1586,1887.954709
262.662,1569,1888.257164
268.4671,1530,1888.75032
262.66367,1587,1889.338246
263.26468,1543,1889.820736
267.1963,1538,1901.604246
258.4734,1600,1902.505065
264.6594,1543,1902.739213
268.1036,1539,1902.975294
261.68842,1570,1903.49378
262.19812,1600,1903.527125
263.79333,1551,1903.864179
268.35968,1524,1904.25777
-36.546223,416,1904.568331
260.94556,1572,1904.896024
267.44913,1495,1905.381521
265.69617,1561,1905.611955
123.48624,1428,1905.921886
270.59756,1517,1906.024364
266.16418,1541,1906.924741
265.0772,1540,1907.537376
-23.771202,479,1907.57237
25.122154,726,1907.846688
266.59555,1576,1908.215457
266.95953,1515,1908.40471
123.02072,1244,1909.080156
-58.42121,284,1909.130598
261.7889,1560,1909.490998
265.8712,1534,1909.849465
132.43724,1456,1910.064408
262.84702,1557,1922.367029
260.34882,1600,1922.971579
264.63303,1518,1923.259084
261.83868,1559,1924.199329
267.82202,1520,1924.333694
260.0094,1600,1924.799855
264.0803,1521,1925.335119
269.19766,1525,1925.931437
262.8727,1598,1926.287895
263.61285,1546,1926.847701
259.10162,1595,1926.899663
269.26968,1502,1927.383832
130.34016,1360,1927.469687
251.14548,1600,1927.770392
261.84464,1570,1928.046424
263.6891,1536,1928.447835
263.1004,1596,1929.489474
263.1785,1565,1929.94937
264.82074,1517,1930.019917
123.62537,1357,1930.82899
265.29547,1569,1931.19259
264.64764,1585,1931.39969
31.883118,800,1943.510219
269.35992,1509,1943.541674
263.8757,1520,1944.186452
91.08162,1206,1944.326047
267.019,1521,1944.539431
264.1424,1560,1945.26944
53.339203,979,1945.376326
263.08426,1582,1945.435023
261.73386,1570,1945.874753
244.48367,1600,1946.408213
253.72487,1600,1946.690375
266.6957,1555,1948.423394
264.43564,1542,1948.436312
267.87833,1543,1949.237759
265.93875,1538,1949.575492
62.316162,1036,1949.940726
263.14297,1589,1950.018249
268.95776,1529,1950.392934
265.72107,1547,1950.448159
-17.153,502,1950.67317
267.44513,1551,1951.130548
266.96002,1544,1951.243774
266.1387,1508,1951.303705
240.25468,1600,1964.022889
261.65906,1598,1964.071544
264.55975,1561,1964.349552
264.3348,1583,1964.980966
254.16759,1600,1965.348833
70.426544,1033,1966.586711
266.00638,1530,1966.797037
265.16507,1587,1967.84999
263.37332,1559,1968.067866
267.10953,1569,1968.543828
242.95265,1600,1968.609653
256.09244,1600,1969.065086
268.1942,1545,1969.104661
268.43405,1509,1969.415286
272.8105,1475,1969.437213
264.15665,1579,1969.851889
266.3718,1529,1970.928653
265.5315,1528,1970.971788
263.51123,1598,1971.550138
269.34445,1500,1972.084422
261.69437,1592,1972.141034
267.14542,1531,1985.117385
254.85014,1600,1985.215914
84.95355,1193,1985.361969
265.1238,1542,1986.258479
265.0265,1559,1986.555596
263.27005,1564,1987.121633
268.76236,1533,1987.443001
270.4984,1500,1987.635164
265.75198,1570,1987.647454
263.43985,1522,1987.75279
255.29698,1600,1988.484109
267.22745,1501,1989.125434
264.16724,1526,1989.281164
267.125,1556,1990.004293
265.76797,1549,1990.575566
266.53757,1589,1990.711359
265.9755,1515,1991.952878
263.17303,1533,1992.128461
268.20355,1517,1992.201887
259.90186,1590,1993.395365
267.30054,1545,2004.958117
270.77594,1487,2005.266067
265.04837,1534,2005.801816
264.5637,1550,2006.078251
262.90033,1572,2006.171543
261.288,1573,2006.295689
264.51657,1552,2006.988394
-68.284325,229,2007.145867
268.29987,1521,2007.498203
265.2462,1580,2007.917191
262.95764,1579,2008.627917
263.01782,1579,2009.223516
248.58998,1600,2009.448388
265.81445,1523,2010.524653
260.9281,1575,2010.585779
262.36197,1558,2010.76073
263.3263,1546,2011.905389
261.70233,1567,2012.090676
267.211,1551,2012.322487
264.32962,1554,2012.863393
265.5782,1551,2013.202332
257.91293,1600,2013.535377
136.22794,1428,2013.58259
261.17838,1563,2014.018765
264.37402,1567,2026.07312
267.4284,1544,2026.384217
85.81146,1094,2026.920544
153.41667,1522,2026.983344
266.89145,1543,2027.640179
268.55737,1532,2027.816159
263.7576,1567,2029.111948
267.08484,1531,2029.124406
-43.49049,445,2029.656211
86.67894,1102,2030.036814
268.84106,1512,2030.183183
268.43182,1511,2030.584886
262.949,1587,2030.698886
265.0663,1517,2031.151335
266.4319,1535,2031.567027
265.59262,1545,2031.972664
267.15756,1531,2032.40576
26.505806,725,2032.902171
261.01077,1558,2033.071205
263.21945,1600,2033.570982
269.86014,1474,2033.628332
261.9647,1537,2033.853068
262.0324,1590,2046.330702
269.03806,1483,2047.1251
267.3091,1564,2047.496739
269.29294,1507,2048.163043
262.9186,1541,2048.465243
268.93375,1509,2048.734883
261.57727,1558,2049.071148
253.73392,1600,2049.706653
267.3953,1531,2049.82991
266.3321,1507,2050.110029
269.65475,1519,2050.611238
267.37857,1497,2051.14655
261.87796,1565,2051.304186
268.21918,1515,2051.728882
268.64,1508,2051.754331
269.18228,1480,2051.849134
66.73854,976,2052.863009
136.75128,1478,2052.978838
263.60324,1543,2054.081333
268.14954,1513,2054.321769
255.64537,1600,2055.374849
264.95004,1518,2067.330553
264.48517,1511,2067.6364
153.334,1371,2067.777251
40.022034,793,2068.209094
266.5153,1526,2068.375186
264.3688,1538,2068.831752
269.07327,1449,2068.92524
-46.102882,340,2069.335406
271.16983,1470,2069.56196
272.03394,1468,2069.708654
266.18707,1506,2070.311082
264.00433,1553,2070.503456
267.4662,1529,2070.515857
-39.606213,392,2070.589995
86.31131,1097,2071.043931
261.54623,1554,2071.759002
269.40695,1483,2072.539373
66.65637,1060,2074.107512
261.0362,1558,2074.183016
267.82327,1535,2074.279189
26.464752,727,2074.332359
121.62956,1323,2074.349553
269.4775,1507,2074.46509
265.16727,1530,2075.125899
265.93112,1560,2075.925197
265.34003,1504,2076.288087
106.04901,1325,2087.852077
266.6313,1544,2088.030086
271.46893,1475,2088.53846
262.89267,1550,2088.674952
18.396927,746,2089.06743
264.59607,1593,2089.147366
264.7428,1576,2090.205328
144.27551,1444,2090.391349
99.070755,1121,2090.49784
-20.53598,472,2090.634311
271.1254,1469,2092.09837
266.45416,1513,2092.394465
267.97296,1532,2092.534334
261.85736,1587,2092.909896
266.94412,1505,2093.218235
18.497894,702,2093.352229
-74.49558,188,2094.19899
262.51465,1545,2094.237549
261.93323,1539,2094.580221
268.2398,1492,2094.694545
266.063,1552,2094.787101
-2.7861786,634,2095.231078
265.01462,1503,2095.359963
267.3183,1489,2095.689541
265.5893,1534,2095.972375
269.55746,1493,2108.548133
202.83907,1600,2109.146505
262.64966,1594,2109.278079
97.158676,1183,2110.027696
263.89395,1541,2110.541375
263.8572,1558,2111.052081
267.15778,1532,2111.302982
267.62158,1526,2112.526133
266.83917,1534,2112.599542
272.06403,1489,2112.754913
263.1603,1526,2113.126341
263.37964,1563,2113.200426
268.51712,1511,2113.523709
262.8801,1530,2113.747617
260.97955,1583,2114.288336
267.62784,1541,2114.377326
262.74734,1542,2115.447277
269.87598,1518,2116.043071
267.05054,1548,2116.0689
263.68234,1545,2116.921025
267.23553,1514,2117.294365
264.14203,1541,2129.418637
268.9264,1515,2129.561198
264.61456,1544,2130.896261
236.6111,1600,2131.227431
259.8314,1595,2131.361499
265.07367,1528,2131.442118
134.27376,1295,2131.583457
254.0482,1600,2131.856019
261.7852,1540,2131.918749
265.41434,1542,2132.154859
262.8399,1560,2132.887353
266.96713,1547,2133.931189
264.26263,1538,2134.495194
257.35895,1600,2134.796797
259.78848,1600,2135.630218
-7.7401505,631,2135.748202
259.2193,1591,2135.975226
269.0986,1543,2136.375666
264.04614,1573,2136.648576
267.15594,1528,2137.781261
269.7107,1503,2137.985668
266.6363,1533,2138.245737
265.38672,1535,2138.334515
264.83328,1545,2150.043049
42.359634,850,2150.090725
268.6285,1523,2150.282434
255.15825,1600,2150.5759
264.71024,1575,2150.755448
266.56516,1490,2152.149119
264.27908,1553,2152.954221
-16.256462,650,2153.187376
267.7632,1510,2153.908452
268.3378,1514,2154.266919
252.8627,1600,2154.429093
266.8063,1544,2154.830888
263.88126,1532,2155.051796
-0.30963135,629,2156.050406
269.7258,1531,2156.221144
263.9265,1552,2156.528455
269.6075,1515,2156.63273
266.34677,1500,2156.654207
15.483147,677,2156.993298
269.37387,1541,2157.023465
263.14368,1547,2157.097157
270.51712,1511,2157.395767
262.76025,1597,2157.953579
266.62152,1549,2159.111672
265.21854,1552,2171.44849
265.1508,1544,2172.724326
263.48474,1592,2173.11092
259.40756,1598,2173.526672
263.08734,1600,2173.753062
267.19574,1530,2174.409337
270.44318,1514,2174.820455
251.97081,1600,2174.908773
264.06058,1515,2174.952273
264.60324,1537,2175.035056
143.62251,1513,2175.296038
263.4975,1554,2175.512558
271.29147,1506,2175.674933
259.32428,1600,2175.798702
262.10742,1578,2176.57376
263.2495,1587,2177.776001
269.00333,1502,2178.231262
268.34665,1497,2179.451926
268.77295,1546,2191.539087
263.73596,1545,2191.954041
266.13483,1535,2192.141656
266.9852,1517,2192.751157
265.96173,1547,2193.493643
263.71954,1597,2193.519356
262.84207,1586,2193.552092
255.83609,1600,2193.654558
267.25677,1527,2193.859648
264.0046,1581,2193.893563
263.4526,1593,2194.301131
-35.764336,487,2194.326326
264.99393,1582,2194.37806
269.8405,1511,2194.830553
269.21262,1510,2196.06164
262.53625,1594,2196.908858
263.87988,1536,2197.875461
269.0771,1531,2198.449001
261.96655,1593,2199.115132
265.51822,1557,2199.721769
269.02676,1480,2200.271003
268.0636,1509,2200.301704
267.20416,1559,2200.499063
263.0604,1578,2212.103029
266.9582,1541,2212.340648
248.5292,1600,2212.56997
266.81802,1523,2212.701311
262.4179,1600,2213.014847
261.46378,1591,2213.049596
268.92072,1504,2213.103461
263.65372,1566,2214.58357
266.0641,1549,2215.361748
266.91696,1574,2216.454219
264.88773,1540,2216.87358
73.53615,1131,2216.903484
261.18094,1583,2217.731347
267.3928,1562,2218.24531
268.10663,1519,2218.618906
263.4033,1574,2219.128461
252.16525,1600,2219.186495
266.6565,1568,2219.343608
266.46613,1556,2219.528122
264.26004,1558,2219.670496
270.63293,1496,2219.71768
266.70255,1546,2220.033406
264.14304,1560,2220.046103
265.1386,1572,2232.990778
260.3024,1600,2233.870801
259.1399,1600,2234.963482
270.1711,1516,2235.034402
263.61005,1574,2235.269213
262.77356,1595,2236.251287
268.08212,1556,2236.630811
269.14984,1558,2237.029141
270.34134,1523,2237.579105
266.2463,1577,2237.617223
265.90872,1567,2237.629856
256.22778,1600,2238.117228
265.5888,1578,2238.159454
261.7054,1585,2238.238575
268.94418,1531,2238.320277
257.29285,1600,2238.624363
254.98962,1600,2240.230478
266.8525,1550,2240.901275
268.3027,1514,2241.845194
267.02475,1532,2253.765875
262.05878,1549,2254.083356
268.00998,1549,2255.059983
266.62543,1525,2255.308422
268.2764,1554,2255.83165
266.74878,1507,2256.163804
264.3857,1523,2256.277468
270.64764,1523,2256.291066
264.70886,1553,2256.952553
261.54248,1569,2256.989219
266.0287,1491,2257.136989
264.5059,1598,2257.251812
252.17053,1600,2257.367179
-10.344437,584,2258.871942
266.57324,1581,2259.208462
262.6527,1595,2259.939246
264.85953,1581,2260.81144
265.03903,1565,2260.890842
267.43082,1548,2261.126275
264.15768,1555,2262.088156
264.1641,1541,2262.272279
264.87448,1579,2274.355603
110.168884,1272,2274.372676
269.4154,1529,2274.592664
261.32928,1596,2274.881429
265.05835,1572,2275.426164
261.42914,1600,2275.585013
267.74542,1526,2275.585074
264.48834,1594,2275.702631
267.42297,1533,2277.074296
269.7709,1496,2277.235335
266.7451,1535,2278.15918
261.96176,1551,2279.113727
267.47562,1536,2279.127199
264.6149,1511,2279.252602
265.35928,1527,2280.33071
268.47882,1513,2280.452011
264.2287,1520,2281.17153
261.67734,1548,2281.294585
265.05728,1589,2281.728885
265.68375,1536,2281.787039
267.26596,1508,2282.401857
266.60284,1510,2282.414183
265.85043,1520,2282.580281
259.05475,1592,2282.633214
264.5708,1501,2295.381968
264.13647,1533,2295.693954
263.54062,1597,2296.884647
265.3543,1505,2297.408797
265.62787,1546,2297.602002
266.58228,1535,2297.678032
263.22137,1540,2298.898911
260.08234,1568,2298.906651
263.15927,1564,2299.741522
263.7222,1556,2299.820422
266.62698,1519,2300.066745
265.0861,1541,2300.216936
263.72498,1522,2300.703474
267.09427,1525,2300.727858
264.88037,1540,2300.949613
259.11475,1573,2301.141198
262.30704,1536,2302.245814
265.82907,1536,2302.563095
258.94232,1579,2303.979827
263.24155,1521,2315.745087
266.35724,1520,2315.931695
266.36194,1538,2316.078973
265.52237,1525,2317.228613
264.53546,1584,2317.493348
264.4687,1517,2318.120943
261.824,1594,2318.393995
262.6002,1558,2318.561472
264.13806,1544,2318.654808
264.88196,1522,2319.077266
262.55103,1541,2319.4233
261.84586,1600,2319.463087
265.08197,1579,2319.793322
265.6535,1547,2320.728165
264.74896,1533,2320.971884
265.18494,1536,2322.602107
258.5348,1600,2322.623451
264.25516,1538,2322.80001
266.7304,1536,2322.942687
264.3852,1544,2324.111351
262.75534,1587,2324.569172
263.96185,1509,2336.606168
262.5334,1576,2336.640228
269.54617,1510,2336.783158
266.48227,1574,2337.163816
258.98315,1600,2337.684693
264.1434,1541,2337.76074
259.10806,1580,2337.986324
267.90375,1555,2338.206143
258.3606,1600,2339.353693
266.26093,1555,2339.403604
271.58316,1480,2340.932109
262.98572,1575,2341.167745
256.38742,1600,2341.30131
263.55045,1550,2341.405377
267.48907,1551,2342.597182
261.38327,1600,2343.260301
265.64706,1503,2343.401003
264.15497,1556,2343.789298
259.6241,1600,2343.820088
262.601,1587,2344.301988
265.01065,1571,2344.744452
270.3227,1508,2344.744495
266.37106,1566,2344.795408
265.29868,1581,2345.278864
268.9394,1508,2357.657852
266.37445,1544,2357.777915
273.75906,1461,2358.975542
266.7242,1574,2359.718227
263.3849,1580,2359.870944
265.80313,1576,2359.952268
266.5561,1489,2360.75749
264.37427,1559,2361.746933
263.6348,1531,2361.763964
269.01767,1515,2362.093411
267.41254,1573,2362.332139
270.7693,1492,2362.491013
270.32883,1503,2363.003768
271.97708,1499,2363.037555
261.15976,1593,2363.403995
265.81204,1511,2363.584805
264.2942,1523,2364.527207
265.03088,1569,2364.85037
263.27576,1535,2365.87808
269.06485,1513,2378.022357
74.27632,1123,2378.333466
267.88602,1544,2378.406508
263.89777,1573,2378.459825
269.0585,1530,2379.175898
264.4207,1547,2380.209885
270.0762,1493,2380.551135
261.80133,1576,2380.696432
269.52032,1502,2380.754142
262.5339,1562,2381.542578
263.84818,1563,2381.580287
270.7775,1498,2381.843013
265.4593,1544,2381.873572
265.91592,1538,2382.959207
266.31744,1485,2383.045018
267.5736,1473,2384.017247
267.6255,1527,2384.885289
270.83118,1497,2385.120369
264.10162,1568,2385.362875
261.73428,1568,2385.483943
262.7602,1553,2386.0962
270.6913,1508,2398.517719
270.24533,1501,2398.952115
269.02832,1540,2398.989714
267.27658,1541,2399.179913
264.76157,1527,2399.875542
264.26144,1585,2400.174268
264.13953,1579,2400.41013
260.58215,1600,2400.531214
270.67438,1506,2401.287737
263.76813,1528,2401.304301
268.2747,1497,2402.230143
265.22498,1529,2403.463623
266.5377,1594,2403.513668
267.44336,1540,2403.870169
260.6556,1585,2403.952854
263.33926,1569,2404.608862
268.30792,1472,2405.541669
261.47812,1600,2405.641746
259.77588,1585,2406.036105
264.67722,1544,2406.095474
269.39685,1507,2406.64638
264.36075,1529,2407.049104
267.6502,1540,2407.336312
266.8086,1549,2407.496801
111.47821,1271,2419.226185
268.55014,1492,2419.268961
265.8282,1553,2419.554241
267.01874,1554,2421.754
263.1561,1576,2421.905078
268.63647,1537,2422.104005
263.3598,1570,2422.338502
270.15616,1523,2422.815561
268.59927,1483,2423.540045
269.83426,1518,2423.792354
268.21048,1533,2424.23914
262.2307,1556,2424.392452
267.38177,1570,2424.992745
267.60718,1537,2425.532489
264.5044,1600,2425.532562
265.37146,1539,2425.705768
267.32465,1473,2425.900014
267.33124,1521,2426.076382
265.35718,1496,2426.294638
12.5190735,666,2440.475919
265.96634,1566,2440.596234
265.5566,1554,2440.693519
264.58517,1587,2441.036262
263.32184,1548,2441.093571
267.7879,1519,2441.442041
267.0877,1552,2442.311026
269.87698,1511,2442.380204
270.39764,1500,2442.783492
267.4548,1546,2443.145079
268.55328,1506,2443.576286
265.04044,1540,2444.268225
262.38843,1595,2444.52006
270.2169,1447,2444.611823
267.03842,1525,2444.750289
264.87216,1589,2444.865345
270.81128,1501,2447.272348
263.55844,1552,2447.598338
267.113,1568,2447.756819
263.83997,1547,2447.989013
268.4974,1536,2447.996692
264.92422,1531,2448.303957
269.51508,1482,2448.991018
267.32178,1505,2449.027489
262.7552,1545,2461.100201
261.02432,1590,2461.641956
265.12292,1530,2461.792989
265.35504,1543,2462.522428
266.59702,1534,2462.723938
265.3898,1519,2462.749513
264.06372,1600,2463.230008
264.2596,1580,2463.255114
271.0679,1484,2465.614813
261.61346,1581,2465.708074
266.2954,1506,2465.887699
270.6391,1508,2466.147685
269.04572,1535,2466.261896
265.9565,1534,2466.587248
266.2048,1543,2467.329474
268.09106,1536,2467.337713
267.27478,1521,2467.920712
268.63724,1494,2468.366162
266.4368,1525,2468.661555
267.17035,1513,2469.350349
264.41696,1537,2469.692863
265.99255,1553,2481.236883
273.0383,1485,2481.457806
265.12543,1530,2481.701602
271.13263,1498,2483.962004
263.2721,1558,2484.148394
262.20078,1563,2484.43612
264.69864,1540,2484.594254
267.8133,1530,2484.667562
262.41708,1553,2485.084462
267.1701,1505,2485.626844
268.93314,1525,2485.722857
262.12628,1571,2486.475513
264.5772,1539,2486.76031
265.76627,1573,2487.206364
266.55133,1508,2487.605192
265.14804,1544,2488.155197
259.0961,1600,2488.363049
265.09662,1574,2488.515169
264.12195,1539,2488.58685
272.2535,1440,2501.899702
265.974,1510,2502.376947
103.623535,1226,2502.688909
264.50546,1524,2502.733248
272.82776,1443,2503.043649
265.4072,1587,2503.193311
263.3329,1598,2503.318473
265.17218,1530,2503.993723
264.1053,1536,2504.898286
268.3915,1537,2505.205822
270.6597,1490,2505.4461
263.4329,1555,2506.124159
262.60367,1545,2506.641569
265.62268,1532,2506.786982
265.3016,1555,2507.043451
267.21875,1540,2507.043514
265.33533,1509,2508.713118
268.6151,1463,2508.996357
268.05338,1470,2509.331379
260.8688,1565,2509.778669
266.62643,1504,2509.947437
265.69202,1543,2509.97914
265.04874,1507,2510.092072
267.10324,1532,2510.892507
271.05984,1490,2523.141512
265.76605,1534,2523.665931
267.88776,1537,2523.914501
-4.200989,639,2524.415794
262.78723,1528,2524.538888
260.81223,1531,2525.047168
266.5309,1527,2525.177107
264.73224,1549,2525.52872
260.67575,1563,2525.594692
270.66223,1484,2526.922192
270.14548,1496,2527.270435
266.07507,1506,2527.658221
268.66116,1480,2528.001358
270.41852,1483,2528.323458
262.36304,1553,2528.502229
80.681,1128,2528.955852
267.19977,1511,2529.212993
265.51428,1518,2529.946135
269.70715,1518,2530.433093
263.6318,1527,2531.227313
265.77136,1508,2531.26909
267.12827,1537,2543.343197
267.68823,1528,2543.433188
264.22318,1526,2543.777936
265.2898,1515,2543.794914
269.25653,1495,2545.040338
265.51224,1502,2545.418555
269.78577,1484,2545.730874
270.22375,1494,2546.114585
269.64404,1503,2546.461443
267.06232,1541,2546.805057
267.84128,1540,2547.270132
265.3437,1517,2547.430902
261.21265,1568,2548.419689
269.82144,1497,2548.601127
265.43332,1501,2549.426787
268.48303,1521,2549.556458
268.85544,1522,2550.282473
263.59204,1563,2550.379934
268.0504,1502,2550.546713
264.39285,1520,2550.615882
-35.22615,623,2551.198236
267.29288,1501,2551.756377
270.76907,1480,2552.028903
270.02145,1508,2564.057718
264.5309,1504,2564.436297
271.04086,1472,2565.016794
266.8936,1557,2565.054942
270.65292,1473,2565.505268
265.29816,1553,2566.036393
262.7912,1519,2567.026288
270.9458,1505,2567.931452
264.80246,1541,2567.968635
271.97858,1460,2568.476341
270.10638,1514,2568.834405
270.98648,1486,2568.946112
262.7598,1534,2569.108005
264.3743,1503,2569.622993
270.5857,1495,2570.15699
265.3173,1515,2570.522328
271.1043,1475,2570.774234
266.1891,1558,2571.506053
263.61618,1534,2571.982066
258.812,1600,2572.241765
265.33047,1527,2572.378893
13.307716,757,2572.464824
31.41307,816,2572.580666
266.32263,1472,2572.649414
11.074257,687,2585.217283
267.02795,1477,2585.31642
265.4998,1501,2586.291341
134.91658,1402,2586.384981
263.09503,1535,2586.483911
-12.280922,594,2586.537196
267.4812,1476,2587.077853
-76.44969,215,2587.282236
269.19843,1514,2588.039766
268.33673,1515,2588.584593
265.64786,1495,2589.110977
271.52017,1508,2589.921594
265.01608,1512,2590.417825
274.98215,1433,2590.475204
267.34204,1466,2590.828781
271.25378,1478,2590.946716
268.0196,1521,2590.958697
270.1323,1484,2592.006449
269.6067,1510,2592.028542
-14.132324,582,2592.554963
274.63837,1416,2592.953837
265.857,1521,2593.287708
265.70706,1521,2593.386995
272.34506,1480,2593.791771
269.82208,1484,2594.017695
270.27283,1463,2606.177731
70.24965,969,2606.883789
267.3704,1525,2607.017016
265.45007,1505,2607.463999
273.43903,1469,2608.618764
269.01666,1457,2609.098018
262.74918,1571,2609.142791
264.68433,1540,2609.36165
-25.927765,537,2609.909806
269.2721,1504,2610.391728
263.39386,1552,2610.63639
271.074,1439,2610.653928
57.753937,913,2611.195093
268.34613,1539,2611.504219
266.97397,1496,2611.643946
267.0842,1536,2611.918608
-54.837593,368,2612.076284
270.02844,1509,2612.197924
268.3278,1498,2612.372715
266.71875,1512,2613.099549
268.94946,1468,2613.607672
266.8956,1475,2627.274858
273.00272,1451,2627.643707
271.1616,1444,2627.656471
268.23618,1490,2628.079843
271.55157,1490,2628.625936
269.1855,1483,2629.303599
265.0949,1503,2629.385279
268.65637,1520,2630.013741
267.22067,1469,2630.093101
268.1057,1481,2630.291312
268.77826,1500,2630.679706
272.0779,1472,2630.716253
269.00742,1479,2630.872195
273.56882,1467,2630.999353
267.76416,1496,2631.864548
272.31122,1488,2632.326115
270.53165,1501,2634.145406
271.25165,1450,2634.286566
267.50784,1490,2634.451111
268.43738,1526,2635.012303
267.1296,1532,2635.555606
268.96735,1477,2636.057202
267.2855,1507,2636.11701
47.95317,915,2647.931358
270.985,1486,2648.266705
269.68695,1465,2648.435554
265.84995,1527,2648.52543
275.23102,1449,2648.719794
267.48593,1484,2648.904243
266.50415,1525,2649.232277
266.59763,1502,2649.249205
264.6678,1531,2650.199055
-53.799355,370,2651.866954
263.2962,1549,2652.558693
269.7261,1494,2652.62543
265.49155,1542,2652.675884
270.346,1504,2653.275173
269.74088,1495,2653.794383
271.3725,1501,2654.315671
264.45715,1548,2654.580826
269.33984,1549,2654.85403
268.78143,1505,2655.002879
269.2916,1530,2655.385187
261.92297,1595,2655.614897
268.0531,1560,2655.75692
266.779,1538,2655.853406
26.115486,738,2655.992713
266.3957,1557,2656.299123
261.81317,1594,2656.465427
-20.775002,597,2670.335513
267.78928,1564,2670.616916
271.57425,1478,2671.021304
270.11185,1535,2671.173924
265.85406,1504,2671.730678
268.8896,1512,2672.296476
268.00455,1492,2672.753775
265.90274,1560,2673.323717
265.51297,1500,2673.323775
268.07227,1511,2673.515812
268.44177,1490,2673.982739
266.9204,1508,2674.18759
263.51562,1600,2674.26802
253.73349,1600,2674.687587
267.4066,1525,2674.786788
264.7039,1547,2675.044766
78.053955,1133,2676.826897
266.07086,1532,2677.249394
272.02145,1464,2677.633712
262.85516,1589,2677.789513
263.87863,1561,2689.837393
263.34232,1571,2690.994922
256.04153,1600,2691.590487
265.3905,1540,2691.919215
263.4785,1552,2691.977958
266.94815,1528,2692.066064
271.06064,1508,2692.683326
266.57217,1561,2692.714337
264.05322,1570,2693.055155
271.64056,1502,2693.281799
269.43082,1524,2693.289498
268.7139,1540,2693.701576
-60.248528,329,2695.176383
266.67383,1521,2695.381858
263.33023,1600,2696.131906
268.23053,1544,2696.260193
262.80722,1571,2696.532125
265.0434,1586,2697.015706
267.33533,1538,2697.95437
265.8668,1537,2698.540731
265.86627,1585,2710.6987
262.13303,1559,2710.725526
248.788,1600,2710.830353
266.74783,1540,2711.257303
266.41605,1562,2711.385796
-86.45299,200,2711.623696
271.2641,1522,2711.762963
265.34412,1573,2711.780324
266.06967,1583,2712.036833
264.80566,1546,2713.739736
262.20438,1568,2714.057079
263.78122,1524,2714.626302
265.3253,1533,2714.80206
261.75974,1566,2715.246466
267.11972,1523,2715.552169
265.38232,1585,2716.783957
-30.298477,482,2716.993789
264.98172,1575,2717.33758
268.98584,1534,2717.700511
267.5211,1527,2717.770818
269.52615,1517,2718.138611
272.25754,1467,2718.416764
264.98282,1591,2718.601465
264.67847,1562,2718.707689
270.7708,1481,2718.751426
266.2409,1553,2718.820698
263.6941,1574,2732.50734
264.04987,1538,2732.64894
266.55655,1579,2733.393334
268.53015,1540,2733.804924
267.52567,1571,2734.22724
266.379,1561,2735.443712
269.25964,1515,2735.443775
270.1269,1503,2735.719898
269.13242,1519,2736.225288
262.8101,1540,2736.256714
266.7261,1541,2736.713474
267.5152,1493,2736.772488
265.27017,1544,2737.202916
270.29343,1512,2737.202967
268.36624,1527,2737.23409
265.61,1528,2737.348056
265.22107,1522,2739.553529
266.75012,1567,2739.617515
265.3956,1580,2740.542969
264.1387,1572,2752.543167
265.11118,1546,2752.872781
265.06436,1495,2753.822601
268.02875,1559,2754.107521
257.9235,1600,2754.547421
267.88174,1553,2754.892172
265.34314,1560,2754.900492
42.724884,847,2755.041559
264.9258,1518,2755.258718
262.6635,1573,2755.462188
268.76266,1516,2755.686186
266.3628,1561,2755.892154
265.7247,1557,2756.016387
261.96832,1583,2756.024257
11.508774,854,2758.021569
128.38254,1338,2758.243289
266.14673,1568,2758.278376
267.62326,1507,2759.381342
268.73145,1523,2759.777029
261.63675,1600,2761.075418
268.85773,1552,2773.1921
268.42615,1491,2773.372863
270.2689,1531,2773.412298
268.4586,1559,2773.546645
265.1067,1539,2773.803399
266.4666,1524,2773.936993
263.9816,1576,2774.387771
266.64572,1512,2774.43249
267.03934,1551,2774.486388
261.90378,1600,2774.830624
-8.88311,648,2776.38586
263.40237,1558,2776.665623
266.4322,1514,2776.691333
267.10153,1565,2776.954751
269.28033,1515,2777.830824
265.80948,1537,2778.318114
43.72415,971,2778.330357
263.01886,1551,2779.710412
260.90503,1594,2780.445895
267.41058,1554,2780.453809
267.8489,1562,2780.660282
266.7568,1520,2780.723014
270.61914,1518,2781.305322
270.502,1509,2781.359584
144.51808,1497,2781.649088
263.43665,1589,2781.674418
267.86258,1520,2794.720174
266.19254,1539,2795.08874
263.347,1545,2795.141271
266.20657,1551,2795.433179
264.76633,1539,2796.27309
264.58838,1535,2796.76515
267.2529,1575,2796.958744
269.2689,1540,2798.162257
262.47,1547,2798.93132
266.91812,1552,2798.962658
270.12756,1530,2799.070065
266.18362,1567,2799.297646
263.21762,1546,2799.826276
261.92816,1600,2800.027561
263.68225,1567,2800.224643
261.35706,1600,2800.403903
271.84937,1489,2801.529714
271.1528,1499,2801.937882
268.12634,1493,2801.963834
268.90768,1481,2802.205249
269.74573,1504,2815.061833
271.06042,1503,2815.543374
261.8555,1600,2816.17776
253.02374,1600,2817.395074
264.46356,1522,2817.81399
265.26804,1557,2818.002731
150.37714,1511,2818.128945
81.40782,1031,2818.158819
249.67447,1600,2818.309946
265.44052,1527,2818.730587
270.04236,1515,2818.876997
271.3366,1478,2819.0742
267.1017,1540,2819.185822
268.16846,1492,2820.67401
265.73297,1559,2821.012209
266.0418,1529,2821.11538
-36.97796,500,2821.169198
271.9593,1482,2821.829277
264.823,1549,2822.584736
265.7305,1505,2822.997217
0.16837311,669,2824.037882
266.72336,1523,2824.241244
272.86716,1479,2836.009991
270.3791,1500,2836.284178
268.29276,1512,2836.456089
271.78854,1499,2836.570879
266.7795,1559,2836.69005
271.85532,1488,2837.25485
264.7261,1572,2837.300482
248.68611,1600,2837.848952
-15.126511,523,2837.916927
125.1322,1305,2838.018619
268.17593,1518,2839.306339
270.57434,1498,2839.367908
266.08466,1513,2840.120488
268.4684,1524,2840.951364
265.3375,1510,2841.302837
270.0962,1504,2842.796513
263.1437,1560,2842.850734
264.1639,1550,2843.292843
268.93097,1491,2843.323884
263.88916,1535,2843.40773
266.64883,1537,2843.655921
270.15137,1488,2844.071626
263.14313,1581,2844.456663
270.1267,1468,2844.628053
266.318,1511,2844.762972
268.92194,1496,2844.847272
270.26358,1493,2857.730235
266.52744,1543,2858.019952
267.55798,1535,2858.741555
265.9755,1539,2859.588585
265.4441,1535,2859.93497
266.77368,1496,2861.180587
160.8917,1512,2861.300332
269.50394,1498,2861.772043
265.3384,1542,2861.894123
265.79074,1556,2861.935219
265.82175,1506,2862.07003
272.87482,1464,2862.67764
267.16852,1551,2862.700396
267.28018,1494,2863.211632
263.378,1600,2863.483489
265.39667,1600,2863.617694
265.43008,1489,2864.759288
264.39658,1588,2864.920525
-69.18236,327,2865.093378
264.8208,1526,2865.622544
266.46637,1550,2878.223383
267.59546,1510,2878.395003
267.70642,1532,2879.813957
264.49808,1539,2879.988637
75.4086,1135,2880.050275
273.08624,1474,2880.475569
264.6294,1527,2880.551422
255.99046,1600,2880.768465
264.9034,1575,2880.812947
269.77243,1490,2881.151223
-66.6638,290,2881.378975
267.97226,1535,2881.379033
268.16458,1532,2882.12334
265.95065,1508,2883.273625
267.19904,1547,2883.607859
265.4002,1530,2883.709879
264.03812,1548,2884.343481
18.343216,717,2884.601876
267.33188,1518,2885.310999
264.6485,1563,2885.349475
268.81534,1505,2886.645538
262.78494,1571,2898.735615
270.26556,1523,2899.057261
264.44675,1545,2899.086978
268.13303,1524,2899.277513
265.9521,1537,2899.377152
269.5788,1542,2899.727611
262.3177,1585,2900.161976
264.31528,1567,2900.846296
266.4565,1504,2901.733671
267.5061,1524,2902.272769
263.39328,1600,2902.524577
266.91293,1518,2902.876802
265.83752,1584,2903.440687
269.08008,1493,2903.747731
266.38177,1524,2903.923666
261.46188,1579,2905.487659
268.21118,1532,2905.726324
273.19852,1488,2905.858565
267.42596,1585,2906.314795
265.9354,1555,2906.371037
269.52872,1544,2906.423216
270.103,1494,2906.559942
254.19582,1600,2907.461508
265.638,1546,2907.900279
264.68387,1586,2920.597081
267.33618,1555,2920.985357
266.05573,1552,2921.209371
55.059708,935,2921.367518
266.8236,1547,2921.552408
270.5265,1519,2921.992932
30.329803,727,2922.411885
272.93896,1512,2922.451912
262.80374,1600,2922.678718
267.59406,1508,2924.354082
266.28128,1565,2924.485107
270.3698,1523,2924.898722
266.73868,1519,2924.938868
23.693466,818,2925.108123
266.58548,1551,2925.271725
261.87766,1598,2925.355078
270.51416,1502,2926.394746
-22.085632,532,2926.922312
263.03085,1591,2927.82485
263.83658,1588,2928.207032
266.28885,1589,2928.448578
267.47498,1548,2928.598744
267.67264,1561,2940.821588
266.4755,1537,2941.154166
270.05676,1506,2941.238143
262.8937,1600,2941.403829
270.41403,1485,2942.846482
266.56638,1546,2943.675138
263.77878,1551,2943.738475
266.9954,1522,2943.779799
270.46194,1527,2944.047445
231.52356,1600,2944.31227
263.7007,1579,2945.326422
265.3355,1589,2945.902145
267.74994,1554,2946.686689
267.81525,1543,2947.009123
267.23563,1527,2947.170873
268.8378,1505,2947.218179
269.779,1516,2947.766889
271.4071,1494,2948.101748
264.4175,1592,2948.482451
263.57986,1562,2948.601915
116.80234,1333,2948.983272
270.69138,1503,2962.261328
266.53403,1545,2962.517965
269.11826,1525,2962.742549
261.8005,1600,2962.822493
266.9485,1585,2963.276793
267.1975,1532,2964.046599
263.6427,1594,2964.891595
271.642,1470,2965.405387
262.71967,1572,2965.540545
265.755,1513,2965.759058
265.48804,1542,2965.931263
269.2923,1528,2966.413652
137.00851,1422,2966.630784
43.322372,924,2966.909904
265.691,1568,2966.942798
269.56052,1537,2967.304262
270.0337,1511,2967.571214
265.4363,1502,2969.390868
252.49619,1600,2969.580304
265.82028,1536,2969.82338
269.5197,1496,2970.091641
-77.35993,237,2970.447043
270.39273,1525,2970.955823
-55.7967,344,2983.083175
269.6606,1506,2983.489118
271.82547,1517,2984.084244
267.20966,1513,2984.206085
271.91827,1465,2984.39424
263.78354,1539,2984.562442
270.0407,1503,2985.071785
265.08817,1576,2985.628745
266.0793,1524,2985.669151
268.06302,1552,2985.828708
265.35,1521,2986.027359
270.7477,1511,2986.244627
-71.34725,252,2986.797784
265.91992,1582,2988.616696
270.47098,1506,2988.793561
265.99557,1511,2989.198722
268.93735,1548,2989.908383
269.82413,1480,2989.997141
137.66348,1475,2990.362227
271.85312,1465,2990.915347
270.1162,1468,2991.05436
266.31207,1516,2991.625418
266.65643,1555,2991.646914
118.186905,1319,2991.975482
265.45535,1579,3004.462242
269.33276,1509,3004.715268
268.8256,1503,3005.057497
271.56744,1474,3005.143208
267.51785,1538,3005.998124
271.07556,1494,3007.580207
266.63498,1557,3008.037472
267.5614,1541,3008.361596
30.092102,767,3008.671766
113.68184,1247,3008.854704
269.88098,1516,3008.962155
266.10626,1535,3009.138963
262.62244,1558,3009.624743
264.04395,1519,3009.98747
267.15018,1503,3010.568079
269.1277,1527,3010.69132
269.14536,1520,3010.961529
268.52533,1490,3011.265015
266.589,1529,3011.68645
265.5058,1573,3012.18544
157.78513,1528,3012.862437
46.375687,965,3013.222304
264.44684,1566,3026.311207
261.72864,1598,3026.900186
264.03076,1528,3026.900249
268.83673,1521,3027.183561
267.06845,1527,3027.392488
265.7881,1577,3027.918972
266.1033,1504,3028.055724
267.88892,1493,3028.375513
261.76736,1568,3029.349182
264.1638,1552,3029.408234
266.787,1537,3029.63015
269.45486,1488,3029.723507
266.61923,1531,3030.357217
271.5895,1483,3030.655183
266.56104,1528,3031.618577
271.16873,1490,3031.821213
-26.268906,536,3032.122271
267.30563,1564,3033.556812
12.157852,706,3033.643474
266.59705,1540,3034.067424
268.26825,1557,3034.14963
269.5464,1502,3034.180438
264.2693,1545,3034.585916
267.5172,1529,3046.914523
263.6927,1512,3046.970716
268.48175,1513,3047.293766
271.62146,1498,3048.252492
268.51996,1531,3048.353193
271.19073,1488,3048.531852
261.21344,1600,3049.942773
264.09793,1534,3050.544239
262.48245,1581,3050.935193
266.06357,1538,3051.037069
264.27972,1523,3052.4206
266.59805,1523,3052.508006
264.54666,1518,3052.899374
268.2023,1536,3053.062292
267.26633,1533,3053.079975
264.16782,1522,3053.435771
268.98865,1503,3053.786055
267.30048,1507,3053.861729
263.31616,1553,3054.390409
267.32022,1565,3055.384515
267.4999,1559,3055.458057
265.89606,1552,3055.599675
269.09985,1531,3068.749404
273.3638,1439,3069.466507
264.39096,1558,3069.502109
269.0868,1523,3069.753698
272.14346,1520,3071.243527
267.18753,1564,3071.361986
265.96454,1537,3071.698752
267.20703,1525,3071.803707
263.88852,1570,3072.024996
265.71957,1538,3072.239744
267.9506,1557,3072.735205
258.81476,1600,3072.856792
268.37756,1521,3073.091866
271.50024,1478,3073.899046
269.55222,1531,3074.329449
264.23462,1568,3074.36302
268.31122,1498,3075.51472
263.74924,1551,3076.503897
266.43402,1516,3076.596773
265.4681,1589,3076.650463
266.21457,1524,3089.81537
269.24384,1546,3090.039293
272.55676,1471,3090.152227
269.81342,1515,3090.252609
269.6742,1539,3090.685059
271.83286,1496,3090.693092
-0.369812,667,3091.36367
265.36584,1522,3091.438741
267.78247,1554,3091.464804
267.37463,1508,3091.624093
270.6311,1529,3092.534068
265.97803,1539,3093.03265
269.4288,1535,3093.050421
269.12128,1517,3094.124024
261.56558,1591,3095.430285
265.9933,1571,3095.430345
267.56525,1534,3096.986587
266.4331,1584,3096.999424
261.77682,1600,3097.412203
266.40265,1581,3097.425158
266.4036,1562,3097.795275
253.1897,1600,3097.971416
268.89758,1541,3110.078595
262.55066,1600,3110.27852
267.59766,1582,3110.296759
268.36618,1553,3110.323559
270.22977,1518,3111.059643
267.7524,1514,3111.53045
269.06003,1531,3111.598698
264.54776,1584,3112.947871
265.72977,1556,3114.164487
266.7608,1588,3114.31347
271.77954,1490,3115.454251
268.27054,1503,3115.506594
267.33344,1531,3116.043592
269.6808,1538,3116.087875
266.76694,1537,3116.430463
264.28897,1597,3116.856911
162.01367,1571,3117.209933
268.9981,1524,3117.233224
264.2015,1532,3117.250598
268.52698,1541,3117.281112
271.56674,1504,3117.862642
274.48602,1457,3118.211756
265.22104,1564,3118.64402
264.09686,1566,3131.688115
57.941345,967,3132.054084
269.89545,1493,3132.716671
267.0245,1589,3133.017288
269.0308,1486,3133.866109
263.37253,1562,3134.271344
272.03934,1502,3134.59353
267.8888,1508,3134.964646
268.471,1540,3135.539752
267.35175,1551,3136.009319
267.89508,1562,3136.037146
265.82867,1587,3136.125947
262.86197,1600,3136.202728
268.7816,1558,3136.648986
267.11835,1506,3136.748937
271.03482,1487,3137.078291
267.49902,1502,3138.531425
262.88998,1585,3139.286389
265.98688,1570,3139.863302
270.0585,1528,3139.96804
266.41086,1537,3152.467168
272.87885,1481,3152.609264
268.39688,1527,3153.131383
262.46198,1600,3153.837064
268.8114,1539,3154.149085
272.80002,1499,3154.441225
268.19177,1499,3154.626752
261.24094,1592,3154.892501
265.28076,1580,3154.922439
270.5673,1517,3155.177756
254.76306,1600,3155.642141
267.26257,1586,3155.908326
246.88332,1600,3157.447477
267.0775,1502,3157.750787
265.16458,1537,3158.486474
268.26163,1533,3158.57344
266.66666,1515,3159.50345
266.48267,1558,3159.559978
267.8378,1564,3160.242841
267.75565,1555,3160.869747
271.14438,1481,3172.84912
265.6747,1529,3172.889484
257.6606,1600,3172.924851
268.43494,1520,3173.332228
265.7958,1588,3173.617976
264.78598,1585,3173.884731
264.24527,1552,3174.22481
271.29822,1533,3174.418113
262.94128,1579,3176.172149
266.75626,1597,3176.554872
254.14738,1600,3177.314024
263.84958,1595,3177.379112
272.95868,1461,3177.777882
265.57523,1554,3178.150657
268.48853,1562,3178.934382
270.7433,1496,3179.303705
269.88074,1552,3180.037164
265.22995,1600,3180.224
262.05148,1597,3180.280832
266.786,1582,3180.62739
270.8648,1544,3180.740721
266.91885,1539,3180.991738
238.69084,1600,3181.607715
258.8869,1600,3181.800484
